S_No,Grade,Sex,Age,Literacy mean,Number Recognition mean,Addition Mean,Subtraction mean,Multiplication mean,Division mean,school_code
1,Class 3,Male,12.0,2,2,2,0,0,1,0
2,Class 3,Male,8.0,2,3,1,0,0,0,0
3,Class 3,Female,9.0,2,3,1,1,0,0,0
4,Class 3,Female,10.0,2,3,1,1,1,1,0
5,Class 3,Male,10.0,4,4,3,1,2,1,0
6,Class 3,Male,9.0,3,4,1,1,2,0,0
7,Class 3,Female,10.0,2,3,1,1,1,0,0
8,Class 3,Female,12.0,1,2,1,1,0,0,0
9,Class 3,Male,12.0,4,4,1,1,0,0,0
10,Class 3,Male,12.0,4,4,2,1,3,2,0
11,Class 3,Female,10.0,2,4,1,1,1,1,0
12,Class 3,Female,11.0,3,4,1,1,1,1,0
13,Class 2,Male,6.0,0,0,0,0,0,0,1
14,Class 2,Female,7.0,1,1,0,0,0,0,1
15,Class 2,Male,9.0,2,2,0,0,0,0,1
16,Class 2,Female,7.0,1,1,0,0,0,0,1
17,Class 5,Male,12.0,3,4,0,0,0,0,1
18,Class 5,Male,12.0,3,2,2,1,2,2,1
19,Class 5,Male,11.0,3,2,2,1,2,2,1
20,Class 5,Female,13.0,3,4,2,1,2,2,1
21,Class 1,Female,5.0,0,0,0,0,0,0,1
22,Class 1,Male,5.0,0,0,0,0,0,0,1
23,Class 1,Male,6.0,0,0,0,0,0,0,1
24,Class 1,Female,6.0,0,0,0,0,0,0,1
25,Class 3,Male,7.0,1,2,1,1,0,0,1
26,Class 3,Female,3.0,1,3,1,1,1,0,1
27,Class 3,Male,10.0,2,2,0,0,0,0,1
28,Class 3,Male,11.0,1,2,1,1,1,0,1
29,Class 4,Female,11.0,2,3,1,1,0,0,1
30,Class 4,Female,11.0,2,2,1,1,0,0,1
31,Class 4,Male,9.0,1,2,1,1,0,0,1
32,Class 4,Male,11.0,2,2,1,1,0,0,1
33,Class 6,Male,13.0,3,4,2,1,2,2,1
34,Class 6,Female,13.0,3,4,3,3,2,1,1
35,Class 6,Male,12.0,3,4,3,1,1,1,1
36,Class 6,Female,14.0,3,4,1,1,1,1,1
37,Class 4,Male,12.0,1,2,1,1,0,0,2
38,Class 4,Female,9.0,2,2,1,1,0,0,2
39,Class 4,Female,13.0,1,1,1,0,0,0,2
40,Class 4,Male,15.0,3,4,1,1,1,0,2
41,Class 6,Male,11.0,4,4,3,1,2,0,2
42,Class 6,Male,15.0,4,4,1,1,2,0,2
43,Class 6,Female,14.0,4,4,3,1,3,1,2
44,Class 6,Female,10.0,4,4,3,3,2,0,2
45,Class 1,Male,8.0,1,1,0,0,0,0,2
46,Class 1,Female,8.0,2,1,1,0,0,0,2
47,Class 1,Male,7.0,1,1,0,0,0,0,2
48,Class 1,Female,7.0,1,1,0,0,0,0,2
49,Class 2,Female,9.0,2,2,2,1,0,0,2
50,Class 2,Male,9.0,1,1,0,0,0,0,2
51,Class 2,Female,9.0,2,1,0,0,0,0,2
52,Class 2,Male,9.0,2,2,0,0,0,0,2
53,Class 3,Male,8.0,2,3,2,1,0,0,2
54,Class 3,Male,8.0,2,2,2,1,0,0,2
55,Class 3,Female,10.0,2,1,0,1,0,0,2
56,Class 3,Female,12.0,2,2,1,1,0,0,2
57,Class 5,Female,14.0,2,4,3,0,2,1,2
58,Class 5,Male,12.0,3,4,3,1,2,2,2
59,Class 5,Female,12.0,1,2,2,1,1,0,2
60,Class 5,Male,10.0,4,4,3,3,3,2,2
61,Class 6,Male,,3,2,2,1,1,1,3
62,Class 6,Male,12.0,4,4,3,3,3,2,3
63,Class 6,Female,13.0,4,4,3,3,3,3,3
64,Class 6,Female,10.0,3,4,2,1,3,2,3
65,Class 1,Female,10.0,1,2,2,1,1,0,3
66,Class 1,Female,11.0,0,0,0,0,0,0,3
67,Class 1,Male,7.0,1,1,1,0,0,0,3
68,Class 1,Male,6.0,1,1,1,0,0,0,3
69,Class 2,Female,8.0,3,4,2,1,2,1,3
70,Class 2,Female,7.0,2,3,2,1,1,1,3
71,Class 2,Male,10.0,2,3,2,1,1,1,3
72,Class 2,Male,9.0,1,1,1,1,0,0,3
73,Class 3,Male,8.0,2,3,2,1,1,1,3
74,Class 3,Male,8.0,2,1,1,1,1,1,3
75,Class 3,Female,11.0,2,2,3,1,1,1,3
76,Class 3,Female,9.0,1,2,1,1,1,1,3
77,Class 4,Female,12.0,3,4,3,3,3,2,3
78,Class 4,Female,11.0,3,4,3,3,3,2,3
79,Class 4,Male,12.0,4,4,3,3,3,2,3
80,Class 4,Male,12.0,3,4,3,1,2,2,3
81,Class 5,Male,10.0,4,4,3,1,2,2,3
82,Class 5,Female,9.0,3,4,3,3,3,2,3
83,Class 5,Male,12.0,3,4,3,3,3,2,3
84,Class 5,Female,10.0,3,4,3,1,2,2,3
85,Class 6,Male,8.0,4,4,3,3,3,2,0
86,Class 6,Female,11.0,3,3,3,3,2,2,0
87,Class 6,Male,12.0,4,3,3,3,3,2,0
88,Class 6,Female,11.0,4,3,3,3,2,2,0
89,Class 1,Female,7.0,0,0,0,0,0,0,0
90,Class 1,Female,7.0,0,1,1,0,0,0,0
91,Class 1,Male,6.0,1,1,1,1,0,0,0
92,Class 1,Male,12.0,2,2,1,1,1,0,0
93,Class 2,Female,11.0,2,3,1,1,1,0,0
94,Class 2,Male,10.0,1,2,1,1,1,1,0
95,Class 2,Female,8.0,1,1,1,1,0,2,0
96,Class 2,Male,10.0,2,2,1,1,1,0,0
97,Class 1,Female,10.0,1,0,0,0,0,0,4
98,Class 1,Male,8.0,1,1,0,0,0,0,4
99,Class 1,Male,7.0,1,1,0,0,0,0,4
100,Class 1,Female,7.0,1,0,0,0,0,0,4
101,Class 2,Male,9.0,1,1,0,0,0,0,4
102,Class 2,Female,9.0,2,1,0,0,0,0,4
103,Class 2,Male,10.0,1,2,2,1,0,0,4
104,Class 2,Female,10.0,2,1,1,0,1,0,4
105,Class 3,Male,12.0,2,3,3,1,2,1,4
106,Class 3,Male,10.0,2,2,2,1,2,1,4
107,Class 3,Female,8.0,1,2,1,1,1,0,4
108,Class 3,Female,10.0,2,2,2,1,1,0,4
109,Class 4,Male,12.0,2,4,3,1,1,0,4
110,Class 4,Female,10.0,3,3,3,1,2,1,4
111,Class 4,Female,8.0,2,3,2,1,1,0,4
112,Class 4,Male,14.0,3,4,3,3,2,1,4
113,Class 5,Male,12.0,3,4,3,3,2,2,4
114,Class 5,Female,13.0,3,4,3,1,1,0,4
115,Class 5,Female,13.0,2,4,3,1,2,1,4
116,Class 5,Male,17.0,3,4,2,1,2,1,4
117,Class 5,Male,13.0,4,4,3,1,2,1,4
118,Class 5,Male,13.0,3,4,3,3,2,1,4
119,Class 6,Female,16.0,2,2,2,1,1,0,4
120,Class 5,Female,13.0,3,4,2,1,1,1,4
121,Class 1,Female,6.0,0,0,0,0,0,0,5
122,Class 1,Female,6.0,0,0,0,0,0,0,5
123,Class 1,Male,6.0,0,0,0,0,0,0,5
124,Class 1,Male,7.0,0,1,1,0,0,0,5
125,Class 2,Female,7.0,0,0,0,0,0,0,5
126,Class 2,Female,6.0,1,1,0,0,0,0,5
127,Class 2,Male,6.0,1,1,0,0,0,0,5
128,Class 2,Male,7.0,0,1,0,0,0,0,5
129,Class 3,Male,9.0,1,1,1,1,0,0,5
130,Class 3,Male,13.0,2,2,2,1,1,0,5
131,Class 3,Female,10.0,1,1,0,0,1,2,5
132,Class 3,Female,10.0,1,1,2,1,1,0,5
133,Class 4,Male,11.0,2,3,2,1,1,0,5
134,Class 4,Male,13.0,2,3,2,1,1,0,5
135,Class 4,Female,10.0,1,2,1,1,1,0,5
136,Class 4,Female,13.0,1,1,1,1,1,0,5
137,Class 5,Male,13.0,2,4,3,1,1,0,5
138,Class 5,Female,13.0,1,2,2,1,1,0,5
139,Class 5,Male,13.0,2,4,2,1,1,0,5
140,Class 5,Female,11.0,1,4,2,1,1,0,5
141,Class 6,Female,11.0,2,4,2,1,1,0,5
142,Class 6,Female,13.0,2,4,3,3,2,1,5
143,Class 6,Male,12.0,2,4,2,1,1,1,5
144,Class 6,Male,13.0,3,4,3,3,2,1,5
145,Class 1,Male,6.0,0,1,0,0,0,0,6
146,Class 1,Female,6.0,0,1,0,0,0,0,6
147,Class 1,Female,6.0,0,1,0,1,0,1,6
148,Class 1,Male,7.0,0,1,0,0,0,0,6
149,Class 2,Female,7.0,1,0,0,0,0,0,6
150,Class 2,Male,7.0,1,2,1,1,1,1,6
151,Class 2,Female,7.0,1,2,1,0,0,0,6
152,Class 2,Male,8.0,1,2,1,0,0,0,6
153,Class 3,Female,8.0,1,1,1,1,1,1,6
154,Class 3,Male,8.0,1,2,1,1,1,1,6
155,Class 3,Female,9.0,1,1,1,1,1,1,6
156,Class 3,Male,8.0,1,1,1,1,1,1,6
157,Class 4,Female,10.0,2,1,1,1,1,1,6
158,Class 4,Female,9.0,2,1,1,1,1,1,6
159,Class 4,Female,9.0,2,1,1,1,1,1,6
160,Class 4,Male,12.0,2,1,1,1,1,1,6
161,Class 5,Male,12.0,2,1,1,1,1,1,6
162,Class 5,Female,14.0,2,1,1,1,1,1,6
163,Class 5,Male,12.0,2,1,1,1,1,1,6
164,Class 5,Female,10.0,2,1,1,1,1,1,6
165,Class 6,Female,10.0,2,3,2,1,1,1,6
166,Class 6,Male,13.0,3,3,2,1,2,2,6
167,Class 6,Female,10.0,2,1,1,1,1,1,6
168,Class 6,Male,16.0,3,3,2,1,1,1,6
169,Class 1,Male,7.0,0,0,0,0,0,0,7
170,Class 1,Male,6.0,1,1,1,0,0,0,7
171,Class 1,Female,6.0,0,1,1,0,0,0,7
172,Class 1,Female,6.0,0,1,1,0,0,0,7
173,Class 2,Male,7.0,0,1,0,0,0,0,7
174,Class 2,Female,8.0,0,1,1,0,0,0,7
175,Class 2,Female,8.0,1,1,0,0,0,0,7
176,Class 2,Male,6.0,1,1,1,0,0,0,7
177,Class 3,Male,8.0,1,2,2,1,1,1,7
178,Class 3,Male,9.0,1,1,2,1,0,0,7
179,Class 3,Female,9.0,1,2,2,1,2,2,7
180,Class 3,Female,9.0,1,3,2,1,2,2,7
181,Class 4,Female,12.0,2,3,3,1,2,2,7
182,Class 4,Male,9.0,2,3,2,1,2,2,7
183,Class 4,Female,10.0,2,3,3,1,2,2,7
184,Class 4,Male,9.0,2,3,3,1,2,2,7
185,Class 5,Female,10.0,4,3,3,3,3,2,7
186,Class 5,Male,10.0,2,3,3,1,2,2,7
187,Class 5,Female,10.0,2,2,2,1,2,2,7
188,Class 5,Female,10.0,1,2,2,1,2,2,7
189,Class 6,Male,14.0,2,2,2,1,2,2,7
190,Class 6,Female,13.0,2,2,2,1,2,2,7
191,Class 6,Male,15.0,2,2,3,1,2,2,7
192,Class 6,Female,12.0,2,2,2,1,2,2,7
193,Class 1,Male,7.0,1,1,1,1,1,1,8
194,Class 1,Female,6.0,0,1,0,0,0,0,8
195,Class 1,Male,6.0,0,0,1,0,0,0,8
196,Class 1,Female,6.0,0,0,0,0,0,0,8
197,Class 2,Male,7.0,1,1,1,0,0,0,8
198,Class 2,Female,8.0,0,0,0,0,0,0,8
199,Class 2,Male,8.0,0,0,0,0,0,0,8
200,Class 2,Female,8.0,1,1,1,0,0,0,8
201,Class 2,Male,0.0,0,2,2,1,3,1,8
202,Class 3,Male,8.0,1,1,2,0,0,0,8
203,Class 3,Male,8.0,0,2,2,1,0,0,8
204,Class 3,Female,9.0,1,1,1,0,1,0,8
205,Class 3,Female,10.0,0,0,0,0,0,0,8
206,Class 4,Male,8.0,1,1,1,1,2,1,8
207,Class 4,Male,13.0,1,1,2,1,2,2,8
208,Class 4,Female,9.0,1,1,1,1,1,1,8
209,Class 4,Female,10.0,1,1,2,1,1,1,8
210,Class 5,Male,11.0,1,1,1,1,1,1,8
211,Class 5,Male,12.0,0,0,1,0,0,0,8
212,Class 5,Female,13.0,1,1,1,0,0,0,8
213,Class 5,Female,10.0,1,1,1,0,0,0,8
214,Class 6,Male,10.0,2,1,2,1,2,2,8
215,Class 6,Male,12.0,2,1,2,1,1,1,8
216,Class 6,Female,11.0,1,1,1,1,1,1,8
217,Class 6,Female,13.0,2,1,2,1,1,1,8
218,Class 1,Female,6.0,1,1,1,0,0,0,9
219,Class 1,Male,7.0,1,1,1,0,0,0,9
220,Class 1,Male,6.0,1,1,1,0,0,0,9
221,Class 1,Female,6.0,1,1,1,0,0,0,9
222,Class 2,Male,7.0,1,1,1,1,0,0,9
223,Class 2,Male,8.0,1,1,1,1,0,0,9
224,Class 2,Female,8.0,1,1,0,0,0,0,9
225,Class 2,Female,8.0,1,1,1,0,0,0,9
226,Class 3,Female,10.0,2,2,2,1,1,0,9
227,Class 3,Male,9.0,2,3,2,1,2,2,9
228,Class 3,Male,9.0,2,3,2,1,1,1,9
229,Class 3,Female,12.0,1,1,1,1,1,1,9
230,Class 4,Male,10.0,1,2,2,1,1,1,9
231,Class 4,Male,12.0,2,3,2,1,2,1,9
232,Class 4,Female,10.0,1,2,2,1,0,0,9
233,Class 4,Female,12.0,1,1,1,0,0,0,9
234,Class 4,Female,10.0,1,2,3,1,2,1,9
235,Class 5,Male,14.0,2,3,3,1,2,1,9
236,Class 5,Male,10.0,3,3,3,1,2,2,9
237,Class 5,Female,11.0,3,3,3,1,2,2,9
238,Class 5,Female,12.0,3,3,2,1,1,0,9
239,Class 6,Female,13.0,3,3,3,1,2,1,9
240,Class 6,Female,13.0,2,2,2,0,0,0,9
241,Class 6,Male,10.0,3,3,3,1,2,2,9
242,Class 6,Male,13.0,2,2,2,1,2,2,9
243,Class 5,Female,8.0,4,4,3,3,3,2,10
244,Class 5,Female,10.0,3,4,3,3,2,1,10
245,Class 5,Male,10.0,4,4,3,3,2,0,10
246,Class 5,Male,11.0,3,4,3,3,2,2,10
247,Class 5,Male,16.0,3,3,3,3,2,2,10
248,Class 5,Female,12.0,4,4,3,3,2,0,10
249,Class 5,Female,13.0,3,4,1,0,0,0,10
250,Class 5,Male,11.0,4,4,3,1,1,1,10
251,Class 5,Female,10.0,3,3,3,1,2,0,10
252,Class 5,Female,12.0,2,2,1,0,0,0,10
253,Class 5,Male,13.0,1,3,1,0,0,0,10
254,Class 5,Male,12.0,3,3,0,0,0,0,10
255,Class 1,Male,9.0,0,1,0,0,0,0,11
256,Class 1,Female,7.0,1,1,0,0,0,0,11
257,Class 1,Female,6.0,0,0,0,0,0,0,11
258,Class 1,Male,6.0,0,0,0,0,0,0,11
259,Class 2,Female,7.0,2,0,1,1,1,0,11
260,Class 2,Male,8.0,1,1,1,0,0,0,11
261,Class 2,Female,10.0,1,2,0,1,0,0,11
262,Class 2,Male,10.0,1,1,0,0,0,0,11
263,Class 3,Female,12.0,2,4,2,1,1,1,11
264,Class 3,Male,8.0,2,3,2,1,1,0,11
265,Class 3,Female,9.0,1,2,1,1,0,0,11
266,Class 3,Male,9.0,2,3,2,1,1,0,11
267,Class 6,Male,12.0,4,4,3,3,2,2,12
268,Class 6,Female,12.0,3,3,3,1,2,3,12
269,Class 6,Female,13.0,3,4,3,1,3,2,12
270,Class 6,Male,13.0,4,4,3,3,3,3,12
271,Class 2,Male,9.0,1,2,1,0,0,0,12
272,Class 2,Female,10.0,1,2,1,0,0,0,12
273,Class 2,Male,10.0,1,2,1,0,0,0,12
274,Class 2,Female,9.0,1,2,1,0,0,0,12
275,Class 3,Male,10.0,1,2,1,1,0,0,12
276,Class 3,Female,11.0,1,2,1,1,1,1,12
277,Class 3,Male,12.0,1,1,1,1,1,1,12
278,Class 3,Female,11.0,1,1,1,1,1,1,12
279,Class 3,Male,11.0,3,4,3,1,2,2,12
280,Class 3,Male,13.0,3,3,2,1,2,2,12
281,Class 3,Female,10.0,3,3,3,1,2,2,12
282,Class 3,Female,9.0,2,3,3,3,2,2,12
283,Class 3,Male,14.0,3,3,3,3,2,2,12
284,Class 3,Male,12.0,4,4,3,3,2,2,12
285,Class 3,Female,12.0,4,4,3,3,2,2,12
286,Class 1,Male,5.0,0,0,0,0,0,0,12
287,Class 1,Female,6.0,0,0,0,0,0,0,12
288,Class 1,Male,7.0,0,0,0,0,0,0,12
289,Class 1,Female,6.0,0,0,0,0,0,0,12
290,Class 2,Female,8.0,1,2,1,1,0,0,12
291,Class 2,Male,9.0,1,1,0,0,0,0,12
292,Class 2,Female,10.0,1,1,0,0,0,0,12
293,Class 2,Male,8.0,1,1,1,1,1,0,12
294,Class 5,Female,19.0,1,2,1,1,1,1,12
295,Class 5,Male,8.0,2,2,1,1,1,1,12
296,Class 5,Female,12.0,2,4,3,3,2,2,12
297,Class 5,Male,10.0,2,4,2,1,1,1,12
298,Class 4,Male,14.0,2,4,2,1,1,1,11
299,Class 4,Male,11.0,3,3,2,1,2,1,11
300,Class 4,Female,12.0,2,4,1,1,2,1,11
301,Class 4,Female,9.0,2,3,1,1,1,0,11
302,Class 5,Female,10.0,4,4,3,1,2,2,11
303,Class 5,Female,11.0,3,4,3,3,2,2,11
304,Class 5,Male,11.0,3,4,2,1,2,2,11
305,Class 5,Male,12.0,3,4,2,1,2,2,11
306,Class 6,Female,12.0,4,4,3,3,3,2,11
307,Class 6,Female,13.0,3,4,3,3,3,1,11
308,Class 6,Male,10.0,4,4,3,1,2,1,11
309,Class 6,Male,15.0,4,4,3,3,3,2,11
310,Class 1,Female,6.0,1,1,0,0,0,0,13
311,Class 1,Male,7.0,0,0,0,0,0,0,13
312,Class 1,Female,6.0,0,1,0,0,0,0,13
313,Class 1,Male,6.0,1,1,0,0,0,0,13
314,Class 2,Female,6.0,1,1,0,0,0,0,13
315,Class 2,Female,7.0,1,2,1,1,0,0,13
316,Class 2,Male,7.0,1,2,1,1,0,0,13
317,Class 2,Male,7.0,1,1,1,1,0,0,13
318,Class 3,Female,10.0,2,3,1,1,1,0,13
319,Class 3,Male,7.0,2,3,1,1,0,0,13
320,Class 3,Female,9.0,2,3,2,1,0,0,13
321,Class 3,Male,8.0,2,3,1,1,1,0,13
322,Class 5,Female,12.0,3,3,2,1,2,0,13
323,Class 5,Male,11.0,3,3,3,1,2,0,13
324,Class 5,Female,9.0,3,3,2,1,1,0,13
325,Class 5,Male,9.0,3,3,2,1,1,0,13
326,Class 1,Female,8.0,0,0,0,0,0,0,10
327,Class 1,Male,7.0,1,1,1,1,0,0,10
328,Class 1,Female,7.0,0,0,0,0,0,0,10
329,Class 1,Male,7.0,1,1,0,0,0,0,10
330,Class 2,Male,7.0,2,1,1,1,1,0,10
331,Class 2,Female,8.0,0,0,1,0,0,0,10
332,Class 2,Male,9.0,2,2,1,1,0,0,10
333,Class 2,Female,9.0,1,1,1,1,1,0,10
334,Class 3,Female,7.0,0,2,1,1,1,0,10
335,Class 3,Male,10.0,2,2,0,0,0,0,10
336,Class 3,Female,11.0,0,2,1,1,0,0,10
337,Class 3,Male,10.0,0,2,0,0,0,0,10
338,Class 1,Male,6.0,1,1,1,1,0,0,14
339,Class 1,Male,5.0,1,1,1,1,0,0,14
340,Class 1,Female,5.0,1,1,1,1,0,0,14
341,Class 1,Female,7.0,0,1,1,0,0,0,14
342,Class 2,Female,7.0,1,1,0,0,0,0,14
343,Class 2,Male,7.0,1,2,1,1,0,0,14
344,Class 2,Female,8.0,1,1,1,1,0,0,14
345,Class 2,Male,7.0,2,2,1,1,0,0,14
346,Class 3,Female,8.0,3,3,2,1,1,0,14
347,Class 3,Female,8.0,2,3,2,1,0,0,14
348,Class 3,Male,8.0,2,2,1,1,0,0,14
349,Class 3,Male,8.0,2,3,2,1,1,0,14
350,Class 4,Female,111.0,3,3,3,3,1,1,14
351,Class 4,Male,8.0,3,4,3,3,2,1,14
352,Class 4,Female,11.0,2,3,2,1,0,0,14
353,Class 4,Male,10.0,3,4,3,3,2,1,14
354,Class 5,Male,9.0,4,3,2,1,1,0,14
355,Class 5,Female,13.0,2,3,2,1,1,0,14
356,Class 5,Male,12.0,2,4,2,1,1,0,14
357,Class 5,Female,11.0,2,2,2,1,1,0,14
358,Class 6,Male,11.0,3,4,2,1,1,1,14
359,Class 6,Female,12.0,3,3,2,1,1,1,14
360,Class 6,Male,12.0,3,3,3,1,1,1,14
361,Class 6,Female,13.0,4,4,2,1,1,1,14
362,Class 1,Male,7.0,0,1,0,0,0,0,15
363,Class 1,Male,6.0,0,0,0,0,0,0,15
364,Class 1,Female,8.0,1,1,1,0,0,0,15
365,Class 1,Female,7.0,1,1,0,0,0,0,15
366,Class 2,Female,9.0,2,2,0,1,0,0,15
367,Class 2,Female,8.0,2,2,1,0,0,0,15
368,Class 2,Male,8.0,2,2,2,1,1,1,15
369,Class 2,Male,7.0,0,0,0,0,0,0,15
370,Class 3,Female,10.0,2,1,1,0,0,0,15
371,Class 3,Female,11.0,2,3,2,1,1,1,15
372,Class 3,Male,9.0,2,2,1,1,0,0,15
373,Class 3,Male,10.0,1,1,1,0,0,0,15
374,Class 4,Female,9.0,2,4,2,1,1,1,15
375,Class 4,Female,10.0,2,4,2,1,1,1,15
376,Class 4,Male,10.0,2,4,1,1,1,1,15
377,Class 4,Male,11.0,2,4,3,1,1,1,15
378,Class 5,Male,12.0,3,4,3,1,2,1,15
379,Class 5,Male,11.0,4,4,3,3,2,2,15
380,Class 5,Female,10.0,2,4,2,1,1,1,15
381,Class 5,Female,9.0,2,4,3,1,1,1,15
382,Class 6,Male,12.0,3,4,3,1,2,2,15
383,Class 6,Male,12.0,4,4,3,3,2,2,15
384,Class 6,Female,13.0,4,4,3,3,2,2,15
385,Class 6,Female,14.0,3,4,3,3,2,2,15
386,Class 1,Male,6.0,0,0,0,0,0,0,16
387,Class 1,Female,6.0,0,0,0,0,0,0,16
388,Class 1,Male,7.0,0,0,0,0,0,0,16
389,Class 1,Female,7.0,0,0,0,0,0,0,16
390,Class 2,Male,8.0,2,2,1,0,0,0,16
391,Class 2,Female,6.0,0,1,0,0,0,0,16
392,Class 2,Male,7.0,0,0,0,0,0,0,16
393,Class 2,Female,7.0,0,0,0,0,0,0,16
394,Class 3,Male,8.0,0,1,1,1,0,0,16
395,Class 3,Female,8.0,1,1,1,0,0,0,16
396,Class 3,Male,7.0,2,1,1,0,0,0,16
397,Class 3,Female,10.0,1,1,1,1,0,0,16
398,Class 4,Female,9.0,1,1,1,0,0,0,16
399,Class 4,Male,13.0,1,2,1,1,0,0,16
400,Class 4,Female,8.0,2,1,1,1,0,0,16
401,Class 4,Male,10.0,0,0,0,0,0,0,16
402,Class 5,Female,9.0,1,2,1,1,0,0,16
403,Class 5,Female,10.0,1,3,1,1,0,0,16
404,Class 5,Male,10.0,1,2,1,1,1,0,16
405,Class 5,Male,14.0,1,3,1,1,0,0,16
406,Class 6,Female,10.0,2,2,1,1,0,0,16
407,Class 6,Male,16.0,3,4,1,1,2,1,16
408,Class 6,Male,11.0,2,4,2,1,1,0,16
409,Class 6,Female,15.0,1,4,2,1,0,0,16
410,Class 4,Male,13.0,3,4,2,1,2,2,13
411,Class 4,Female,10.0,1,4,3,3,2,2,13
412,Class 4,Male,10.0,3,4,2,1,2,2,13
413,Class 4,Male,8.0,4,4,3,3,3,3,13
414,Class 6,Male,16.0,4,4,3,3,3,2,13
415,Class 6,Female,11.0,4,4,3,3,3,3,13
416,Class 6,Female,10.0,4,4,3,3,2,2,13
417,Class 6,Male,14.0,4,4,3,1,2,2,13
418,Class 3,Female,7.0,4,3,0,0,0,0,17
419,Class 3,Male,8.0,0,3,1,1,1,1,17
420,Class 3,Male,10.0,2,0,0,0,0,0,17
421,Class 3,Female,10.0,0,0,0,1,2,1,17
422,Class 2,Female,7.0,1,2,1,1,0,0,17
423,Class 2,Female,8.0,1,2,1,1,0,0,17
424,Class 2,Female,5.0,2,2,1,1,0,0,17
425,Class 2,Male,6.0,1,1,0,0,0,0,17
426,Class 4,Male,8.0,2,3,1,1,1,0,17
427,Class 4,Male,10.0,3,2,1,1,1,0,17
428,Class 4,Female,7.0,2,2,1,0,0,0,17
429,Class 4,Female,10.0,2,2,1,1,0,0,17
430,Class 1,Female,7.0,0,0,0,0,0,0,17
431,Class 1,Female,6.0,1,1,0,0,0,0,17
432,Class 1,Male,5.0,0,0,0,0,0,0,17
433,Class 1,Male,5.0,0,0,0,0,0,0,17
434,Class 5,Male,8.0,3,4,3,1,2,1,17
435,Class 5,Male,11.0,3,3,1,1,1,0,17
436,Class 5,Female,11.0,3,3,1,1,1,0,17
437,Class 5,Female,12.0,3,3,1,1,1,0,17
438,Class 6,Male,12.0,3,4,2,1,2,1,17
439,Class 6,Male,12.0,3,3,2,1,1,0,17
440,Class 6,Female,10.0,1,2,1,1,1,0,17
441,Class 6,Female,10.0,2,2,1,1,0,0,17
442,Class 1,Female,7.0,1,1,1,1,0,0,18
443,Class 1,Male,7.0,0,0,0,0,0,0,18
444,Class 1,Female,6.0,1,1,1,0,0,0,18
445,Class 1,Male,6.0,1,1,1,1,0,0,18
446,Class 2,Female,8.0,2,1,1,1,1,0,18
447,Class 2,Male,8.0,2,2,1,1,1,0,18
448,Class 2,Female,7.0,0,0,0,0,0,0,18
449,Class 2,Male,7.0,2,1,1,1,1,0,18
450,Class 3,Male,8.0,1,2,1,1,1,0,18
451,Class 3,Female,10.0,3,2,1,1,1,0,18
452,Class 3,Male,9.0,2,2,1,1,1,0,18
453,Class 3,Female,9.0,2,3,3,1,2,0,18
454,Class 4,Male,11.0,3,3,3,3,3,0,18
455,Class 4,Female,9.0,4,4,3,1,2,0,18
456,Class 4,Male,11.0,3,3,3,3,3,0,18
457,Class 4,Female,9.0,3,3,2,1,2,0,18
458,Class 6,Male,14.0,3,4,3,1,2,2,19
459,Class 6,Male,11.0,2,4,3,3,2,2,19
460,Class 6,Female,17.0,1,2,2,1,1,1,19
461,Class 6,Female,14.0,1,1,1,1,1,1,19
462,Class 5,Male,10.0,2,2,2,1,1,0,19
463,Class 5,Male,12.0,2,1,1,1,0,0,19
464,Class 5,Female,9.0,1,0,0,0,0,0,19
465,Class 5,Female,12.0,2,1,1,1,1,0,19
466,Class 3,Male,10.0,1,1,0,0,0,0,19
467,Class 3,Male,8.0,1,1,1,1,1,1,19
468,Class 3,Female,9.0,1,1,1,1,0,0,19
469,Class 3,Female,9.0,1,1,1,1,0,0,19
470,Class 4,Male,12.0,1,0,0,0,0,0,19
471,Class 4,Female,12.0,1,2,1,1,1,0,19
472,Class 4,Male,9.0,1,1,1,1,1,1,19
473,Class 4,Female,12.0,2,1,1,1,1,0,19
474,Class 1,Female,6.0,1,0,0,0,0,0,19
475,Class 1,Female,6.0,0,0,0,0,0,0,19
476,Class 1,Male,6.0,1,1,0,0,0,0,19
477,Class 1,Male,6.0,0,0,0,0,0,0,19
478,Class 1,Male,9.0,1,1,0,0,0,0,19
479,Class 1,Female,8.0,1,1,0,0,0,0,19
480,Class 1,Male,7.0,1,1,0,0,0,0,19
481,Class 1,Male,7.0,0,1,0,0,0,0,19
482,Class 1,Male,5.0,0,0,0,0,0,0,20
483,Class 1,Male,6.0,1,1,0,0,0,0,20
484,Class 1,Female,6.0,1,0,0,0,0,0,20
485,Class 1,Female,6.0,0,1,0,0,0,0,20
486,Class 2,Male,7.0,2,1,0,0,0,0,20
487,Class 2,Male,8.0,2,1,0,0,0,0,20
488,Class 2,Female,8.0,1,1,0,0,0,0,20
489,Class 2,Female,8.0,1,0,0,0,0,0,20
490,Class 3,Female,8.0,2,1,0,0,0,0,20
491,Class 3,Female,9.0,1,2,0,0,0,0,20
492,Class 3,Male,11.0,2,2,1,1,0,0,20
493,Class 3,Male,8.0,1,1,1,1,0,0,20
494,Class 3,Female,10.0,2,2,1,0,0,0,20
495,Class 4,Male,11.0,2,4,1,1,0,0,20
496,Class 4,Male,10.0,2,4,2,1,1,1,20
497,Class 4,Female,9.0,1,2,0,0,0,0,20
498,Class 4,Female,15.0,2,2,1,0,0,0,20
499,Class 5,Male,14.0,4,4,2,1,1,1,20
500,Class 5,Male,14.0,3,3,2,1,1,0,20
501,Class 5,Female,12.0,1,2,1,1,1,0,20
502,Class 5,Female,12.0,1,2,1,1,0,1,20
503,Class 6,Male,12.0,3,4,1,1,1,0,20
504,Class 6,Male,11.0,4,4,3,1,1,1,20
505,Class 6,Female,14.0,2,3,2,1,0,1,20
506,Class 6,Female,12.0,2,3,2,1,0,1,20
507,Class 1,Male,6.0,0,0,0,0,0,0,21
508,Class 1,Female,8.0,1,1,0,0,0,0,21
509,Class 1,Male,7.0,1,2,1,0,0,0,21
510,Class 1,Female,6.0,1,1,0,0,0,0,21
511,Class 2,Female,10.0,1,1,0,0,0,0,21
512,Class 2,Male,9.0,0,1,0,0,0,0,21
513,Class 2,Female,7.0,1,1,0,0,0,0,21
514,Class 2,Male,9.0,1,2,1,0,0,0,21
515,Class 3,Female,10.0,2,2,1,1,0,0,21
516,Class 3,Male,13.0,2,3,1,1,1,0,21
517,Class 3,Female,9.0,1,2,1,1,1,0,21
518,Class 3,Male,10.0,1,2,1,1,0,0,21
519,Class 4,Male,11.0,1,2,1,1,1,1,21
520,Class 4,Female,12.0,1,2,1,1,0,1,21
521,Class 4,Male,9.0,3,4,2,3,1,1,21
522,Class 4,Female,11.0,2,4,2,1,1,1,21
523,Class 5,Male,12.0,3,4,1,1,1,1,21
524,Class 5,Female,13.0,2,4,2,1,1,1,21
525,Class 5,Male,13.0,3,4,2,1,1,1,21
526,Class 5,Female,10.0,2,3,1,1,0,1,21
527,Class 6,Male,10.0,4,4,3,3,2,2,21
528,Class 6,Female,11.0,3,4,2,1,1,2,21
529,Class 6,Male,14.0,3,4,2,1,1,1,21
530,Class 6,Female,16.0,3,3,3,1,1,1,21
531,Class 1,Female,6.0,0,0,0,0,0,0,22
532,Class 1,Male,5.0,0,1,0,0,0,0,22
533,Class 1,Male,6.0,0,0,0,0,0,0,22
534,Class 1,Female,6.0,0,0,0,0,0,0,22
535,Class 2,Male,9.0,1,1,0,0,0,0,22
536,Class 2,Female,7.0,1,1,0,0,0,0,22
537,Class 2,Male,8.0,0,0,0,0,0,0,22
538,Class 2,Female,7.0,1,2,0,0,0,0,22
539,Class 3,Male,11.0,2,2,0,0,0,0,22
540,Class 3,Male,9.0,2,1,0,0,0,0,22
541,Class 3,Female,10.0,2,2,0,0,0,0,22
542,Class 3,Female,10.0,2,1,0,0,0,0,22
543,Class 4,Female,13.0,1,2,1,1,1,1,22
544,Class 4,Female,12.0,1,2,1,1,1,1,22
545,Class 4,Male,12.0,2,4,3,1,1,1,22
546,Class 4,Male,11.0,2,2,2,1,1,1,22
547,Class 5,Female,10.0,2,2,2,1,0,1,22
548,Class 5,Female,12.0,2,2,1,1,0,1,22
549,Class 5,Male,13.0,1,1,1,1,0,0,22
550,Class 5,Male,14.0,2,4,2,1,1,1,22
551,Class 6,Male,15.0,4,4,1,1,0,1,22
552,Class 6,Male,14.0,3,4,2,1,1,1,22
553,Class 6,Female,11.0,3,4,2,1,2,1,22
554,Class 6,Female,13.0,3,4,2,1,2,2,22
555,Class 6,Female,10.0,4,4,3,3,3,0,18
556,Class 6,Male,11.0,3,4,3,3,3,3,18
557,Class 6,Female,11.0,3,4,3,3,3,3,18
558,Class 6,Male,10.0,4,4,3,3,3,0,18
559,Class 5,Male,10.0,3,3,2,1,0,0,18
560,Class 5,Female,10.0,3,3,2,1,0,0,18
561,Class 5,Male,13.0,2,2,1,1,0,0,18
562,Class 5,Female,11.0,2,0,1,1,1,0,18
563,Class 2,Male,8.0,1,0,0,0,0,0,23
564,Class 2,Male,8.0,1,0,0,0,0,0,23
565,Class 2,Female,8.0,1,1,0,0,0,0,23
566,Class 2,Female,8.0,1,0,0,0,0,0,23
567,Class 4,Male,12.0,2,4,3,3,3,2,23
568,Class 4,Male,12.0,3,4,3,3,3,2,23
569,Class 4,Female,11.0,1,3,1,1,2,2,23
570,Class 4,Female,11.0,1,0,0,0,0,0,23
571,Class 6,Female,11.0,4,4,3,1,2,2,23
572,Class 6,Male,13.0,4,4,3,3,3,2,23
573,Class 6,Female,14.0,4,4,2,1,2,2,23
574,Class 6,Male,15.0,4,3,3,1,2,2,23
575,Class 1,Female,6.0,1,1,1,0,0,0,24
576,Class 1,Male,6.0,0,0,0,0,0,0,24
577,Class 1,Female,7.0,0,1,0,0,0,0,24
578,Class 1,Female,6.0,0,0,0,0,0,0,24
579,Class 3,Male,8.0,1,2,2,1,0,0,24
580,Class 3,Male,7.0,1,2,1,0,0,0,24
581,Class 3,Female,8.0,1,1,1,0,0,0,24
582,Class 3,Female,9.0,1,1,0,0,0,0,24
583,Class 3,Male,9.0,2,2,1,1,0,0,24
584,Class 3,Female,10.0,1,2,0,0,0,0,24
585,Class 3,Male,10.0,1,2,0,0,0,0,24
586,Class 3,Female,7.0,1,1,1,1,0,0,24
587,Class 4 ,Female,10.0,1,1,1,0,0,0,24
588,Class 4 ,Male,11.0,1,2,1,1,0,0,24
589,Class 4 ,Female,9.0,2,3,2,1,0,0,24
590,Class 4 ,Male,10.0,2,3,2,1,2,1,24
591,Class 5,Male,10.0,2,4,2,1,1,0,24
592,Class 5,Male,12.0,2,4,2,1,1,0,24
593,Class 5,Female,12.0,2,3,2,1,1,0,24
594,Class 5,Female,10.0,2,4,3,3,1,0,24
595,Class 5,Male,0.0,0,0,0,0,0,0,24
596,Class 6,Male,13.0,3,4,3,1,1,0,24
597,Class 6,Female,12.0,2,4,2,3,1,0,24
598,Class 6,Male,12.0,2,4,2,1,1,1,24
599,Class 6,Female,,2,2,2,1,1,0,24
600,Class 1,Male,6.0,0,2,0,0,0,0,25
601,Class 1,Male,7.0,1,1,0,0,0,0,25
602,Class 1,Female,,2,2,1,1,0,0,25
603,Class 1,Female,7.0,0,0,0,0,0,0,25
604,Class 2,Male,8.0,2,2,1,1,0,0,25
605,Class 2,Female,7.0,2,2,1,1,0,0,25
606,Class 2,Male,8.0,2,2,1,1,0,0,25
607,Class 2,Female,8.0,1,2,0,0,0,2,25
608,Class 3,Female,9.0,2,4,2,1,0,0,25
609,Class 3,Female,7.0,3,3,2,1,1,0,25
610,Class 3,Male,8.0,1,4,3,3,1,0,25
611,Class 3,Male,10.0,1,3,1,1,0,0,25
612,Class 4,Female,7.0,2,4,3,3,1,0,25
613,Class 4,Male,9.0,2,4,2,1,1,0,25
614,Class 4,Male,9.0,3,4,1,1,0,0,25
615,Class 4,Female,10.0,3,4,2,3,1,0,25
616,Class 5,Male,10.0,2,4,2,1,1,0,25
617,Class 5,Male,12.0,2,4,3,1,1,0,25
618,Class 5,Female,9.0,4,4,3,1,1,0,25
619,Class 5,Female,,3,4,2,1,1,0,25
620,Class 6,Female,9.0,3,4,2,1,1,0,25
621,Class 6,Male,12.0,3,4,2,1,1,0,25
622,Class 6,Female,14.0,3,4,3,3,1,0,25
623,Class 6,Male,12.0,3,4,2,1,0,0,25
624,Class 1,Female,6.0,0,0,0,0,0,0,26
625,Class 1,Female,6.0,0,0,0,0,0,0,26
626,Class 1,Female,6.0,0,0,0,0,0,0,26
627,Class 1,Male,,0,0,0,0,0,0,26
628,Class 1,Male,,0,0,0,0,0,0,26
629,Class 2,Male,6.0,0,0,0,0,0,0,26
630,Class 2,Female,7.0,0,0,0,0,0,0,26
631,Class 2,Female,7.0,2,2,2,1,2,2,26
632,Class 2,Male,8.0,0,0,0,0,0,0,26
633,Class 3,Male,13.0,2,2,3,1,1,1,26
634,Class 3,Male,12.0,0,2,1,0,0,0,26
635,Class 3,Female,12.0,0,1,0,0,0,0,26
636,Class 3,Female,9.0,1,3,1,0,0,0,26
637,Class 4,Male,9.0,0,3,1,1,0,0,26
638,Class 4,Male,9.0,0,1,1,0,0,0,26
639,Class 4,Female,10.0,0,1,0,0,0,0,26
640,Class 4,Female,10.0,1,1,0,0,0,0,26
641,Class 5,Female,10.0,2,4,3,1,2,2,26
642,Class 5,Female,11.0,1,4,2,1,2,2,26
643,Class 5,Male,11.0,2,4,2,1,2,3,26
644,Class 5,Male,9.0,2,3,1,0,1,1,26
645,Class 6,Female,11.0,3,4,3,1,2,2,26
646,Class 6,Male,13.0,3,2,2,1,2,1,26
647,Class 6,Female,11.0,3,4,3,1,2,2,26
648,Class 6,Male,13.0,3,4,3,3,3,2,26
649,Class 1,Male,8.0,0,0,0,0,0,0,23
650,Class 1,Female,6.0,0,0,0,0,0,0,23
651,Class 1,Male,6.0,0,0,0,0,0,0,23
652,Class 1,Female,6.0,0,0,0,0,0,0,23
653,Class 3,Female,7.0,1,2,0,0,0,0,23
654,Class 3,Female,10.0,2,2,0,0,0,0,23
655,Class 3,Male,10.0,2,3,1,1,0,0,23
656,Class 3,Male,8.0,2,2,1,1,1,0,23
657,Class 5,Male,,1,2,1,1,0,0,23
658,Class 5,Female,10.0,3,4,2,1,1,1,23
659,Class 5,Male,11.0,3,3,2,1,1,0,23
660,Class 5,Female,11.0,3,4,2,1,1,0,23
661,Class 2,Male,9.0,0,1,1,0,0,0,27
662,Class 2,Female,5.0,0,1,1,0,0,0,27
663,Class 2,Male,9.0,1,2,0,0,0,0,27
664,Class 2,Female,7.0,2,2,1,1,0,0,27
665,Class 3,Male,9.0,2,3,2,0,0,0,27
666,Class 3,Male,10.0,2,2,2,1,0,0,27
667,Class 3,Male,10.0,2,2,2,1,1,0,27
668,Class 3,Female,10.0,2,2,2,0,1,0,27
669,Class 4,Female,,3,2,2,1,1,1,27
670,Class 4,Female,8.0,3,2,2,1,2,2,27
671,Class 4,Male,11.0,3,2,2,1,2,2,27
672,Class 4,Male,11.0,3,2,2,3,2,2,27
673,Class 5,Male,12.0,3,3,2,1,2,2,27
674,Class 5,Male,9.0,3,3,2,3,2,2,27
675,Class 5,Male,12.0,4,4,3,1,2,2,27
676,Class 5,Male,12.0,4,4,2,3,3,2,27
677,Class 1,Female,7.0,0,0,0,0,0,0,28
678,Class 1,Female,6.0,0,0,0,0,0,0,28
679,Class 1,Male,6.0,0,0,0,0,0,0,28
680,Class 1,Male,5.0,0,0,0,0,0,0,28
681,Class 2,Male,7.0,0,0,0,0,0,0,28
682,Class 2,Male,8.0,1,1,0,0,0,0,28
683,Class 2,Female,6.0,0,1,0,0,0,0,28
684,Class 2,Female,10.0,1,1,1,0,0,0,28
685,Class 3,Female,8.0,1,2,0,0,0,0,28
686,Class 3,Male,11.0,1,1,1,0,0,0,28
687,Class 3,Female,12.0,1,3,1,1,0,0,28
688,Class 3,Male,11.0,2,2,1,1,1,0,28
689,Class 4,Female,11.0,2,4,1,1,1,1,28
690,Class 4,Female,12.0,3,4,2,1,1,1,28
691,Class 4,Male,11.0,2,3,2,1,1,0,28
692,Class 4,Male,13.0,1,4,2,1,1,0,28
693,Class 5,Female,11.0,1,2,1,0,0,0,28
694,Class 5,Male,15.0,2,4,1,0,0,0,28
695,Class 5,Female,12.0,2,4,2,1,1,1,28
696,Class 5,Male,14.0,2,4,1,1,0,0,28
697,Class 6,Female,11.0,1,2,1,1,0,0,28
698,Class 6,Male,12.0,3,4,3,3,2,2,28
699,Class 6,Male,12.0,3,4,2,1,1,1,28
700,Class 6,Female,15.0,3,4,3,1,1,2,28
701,Class 6,Female,13.0,3,3,3,1,1,1,28
702,Class 2,Female,5.0,0,0,0,0,0,0,29
703,Class 2,Male,6.0,0,0,0,0,0,0,29
704,Class 2,Male,5.0,0,0,0,0,0,0,29
705,Class 2,Female,5.0,0,1,1,0,0,0,29
706,Class 1,Male,5.0,1,0,0,0,0,0,29
707,Class 1,Male,5.0,0,0,0,0,0,0,29
708,Class 1,Female,6.0,0,0,0,0,0,0,29
709,Class 1,Female,5.0,0,0,0,0,0,0,29
710,Class 1,Female,0.0,0,3,2,3,2,0,29
711,Class 3,Male,8.0,1,1,1,1,1,0,29
712,Class 3,Male,9.0,1,2,2,0,0,0,29
713,Class 3,Female,9.0,1,1,1,0,0,0,29
714,Class 3,Female,10.0,1,1,1,0,0,0,29
715,Class 4,Female,11.0,2,2,2,1,1,1,29
716,Class 4,Female,10.0,2,2,2,1,0,0,29
717,Class 4,Male,10.0,1,2,2,1,2,0,29
718,Class 4,Male,11.0,1,2,2,1,0,0,29
719,Class 5,Male,12.0,2,2,2,1,1,1,29
720,Class 5,Female,10.0,2,2,2,1,1,0,29
721,Class 5,Male,13.0,2,2,2,1,1,0,29
722,Class 5,Male,11.0,2,2,2,1,1,0,29
723,Class 6,Male,13.0,2,2,2,1,0,0,29
724,Class 6,Male,11.0,2,2,2,1,2,0,29
725,Class 6,Female,13.0,2,2,2,1,2,1,29
726,Class 6,Female,12.0,2,2,2,1,2,0,29
727,Class 1,Male,5.0,1,1,1,1,1,1,30
728,Class 1,Female,5.0,0,0,0,0,0,0,30
729,Class 1,Female,5.0,1,1,0,0,0,0,30
730,Class 1,Male,5.0,1,1,0,0,0,0,30
731,Class 2,Male,7.0,1,1,1,1,1,1,30
732,Class 2,Male,6.0,1,1,1,1,1,1,30
733,Class 2,Female,6.0,1,1,1,1,1,1,30
734,Class 2,Female,6.0,1,1,1,1,1,1,30
735,Class 3,Female,7.0,2,2,2,1,1,1,30
736,Class 3,Male,10.0,2,2,2,1,2,2,30
737,Class 3,Female,8.0,1,1,1,1,1,1,30
738,Class 3,Male,7.0,2,2,2,1,1,1,30
739,Class 4,Female,10.0,2,2,2,1,1,1,30
740,Class 4,Female,9.0,1,1,1,1,1,1,30
741,Class 4,Male,9.0,1,1,1,0,0,0,30
742,Class 4,Male,9.0,1,1,1,0,0,0,30
743,Class 5,Male,10.0,2,2,2,1,2,2,30
744,Class 5,Male,10.0,2,1,1,1,1,1,30
745,Class 5,Female,11.0,1,0,0,0,0,0,30
746,Class 5,Female,10.0,1,1,1,0,0,0,30
747,Class 6,Male,11.0,2,1,1,1,1,1,30
748,Class 6,Male,11.0,3,2,2,1,1,1,30
749,Class 6,Female,10.0,2,2,2,1,2,2,30
750,Class 6,Female,10.0,2,2,2,1,0,0,30
751,Class 4,Male,9.0,2,4,0,0,0,0,31
752,Class 4,Male,9.0,2,1,0,0,0,0,31
753,Class 4,Female,12.0,2,2,1,0,0,0,31
754,Class 4,Female,12.0,2,1,0,0,0,0,31
755,Class 4,Male,12.0,2,4,3,1,1,0,31
756,Class 4,Male,12.0,2,2,0,0,0,0,31
757,Class 4,Female,13.0,3,3,1,1,1,1,31
758,Class 4,Female,13.0,2,4,1,1,0,0,31
759,Class 4,Male,15.0,3,4,3,3,2,1,31
760,Class 4,Male,16.0,3,4,2,3,3,2,31
761,Class 4,Female,13.0,3,4,3,3,2,2,31
762,Class 4,Female,13.0,2,4,3,3,1,1,31
763,Class 4,Male,142.0,2,2,2,1,1,1,32
764,Class 4,Male,12.0,2,3,3,1,1,0,32
765,Class 4,Female,12.0,2,1,3,1,1,0,32
766,Class 4,Female,122.0,2,1,1,1,1,1,32
767,Class 4,Male,9.0,2,3,3,3,3,2,32
768,Class 4,Male,12.0,4,4,3,3,3,2,32
769,Class 4,Female,10.0,2,2,2,1,2,2,32
770,Class 4,Female,10.0,2,2,2,1,2,2,32
771,Class 4,Male,10.0,3,3,3,3,3,1,32
772,Class 4,Male,12.0,4,4,3,3,3,2,32
773,Class 4,Female,12.0,3,2,3,1,2,2,32
774,Class 4,Female,12.0,3,4,3,3,2,2,32
775,Class 3,Female,8.0,1,0,0,0,0,0,33
776,Class 3,Male,8.0,1,0,0,0,0,0,33
777,Class 3,Female,8.0,1,0,0,0,0,0,33
778,Class 3,Male,9.0,0,0,0,0,0,0,33
779,Class 4,Male,11.0,1,1,1,1,1,1,33
780,Class 4,Male,12.0,2,1,1,1,1,1,33
781,Class 4,Female,10.0,1,0,0,0,0,0,33
782,Class 4,Female,12.0,1,0,0,1,2,2,33
783,Class 5,Male,12.0,2,3,2,1,2,1,33
784,Class 5,Male,12.0,1,1,1,1,1,1,33
785,Class 5,Male,12.0,1,4,1,1,1,1,33
786,Class 5,Female,10.0,0,2,0,0,0,0,33
787,Class 5,Male,,2,3,1,1,1,1,34
788,Class 5,Male,12.0,3,2,2,1,2,0,34
789,Class 5,Male,10.0,2,4,2,1,2,2,34
790,Class 5,Male,12.0,4,4,3,3,2,2,34
791,Class 4,Male,15.0,1,3,1,1,1,1,34
792,Class 4,Female,9.0,1,0,0,0,0,0,34
793,Class 4,Male,10.0,1,0,0,0,0,0,34
794,Class 4,Female,10.0,1,0,0,0,0,0,34
795,Class 6,Female,11.0,4,4,2,1,2,2,35
796,Class 6,Female,11.0,1,1,1,0,1,1,35
797,Class 6,Female,12.0,3,2,2,1,2,2,35
798,Class 6,Male,13.0,4,4,1,1,1,1,35
799,Class 4,Male,11.0,2,4,3,1,2,2,35
800,Class 4,Male,14.0,2,1,1,0,0,0,35
801,Class 4,Female,14.0,2,4,2,1,2,2,35
802,Class 4,Female,11.0,4,4,2,1,2,2,35
803,Class 3,Male,11.0,2,3,2,1,2,2,35
804,Class 3,Male,10.0,1,1,1,1,1,1,35
805,Class 3,Male,10.0,1,1,1,1,1,1,35
806,Class 3,Female,14.0,1,3,1,1,0,0,35
807,Class 3,Male,11.0,1,3,0,0,2,2,35
808,Class 1,Male,9.0,0,0,0,0,0,0,33
809,Class 1,Female,11.0,0,0,0,0,0,0,33
810,Class 1,Female,6.0,0,0,0,0,0,0,33
811,Class 1,Male,6.0,0,0,0,0,0,0,33
812,Class 2,Female,7.0,0,1,0,0,0,0,33
813,Class 2,Male,7.0,1,1,0,0,0,0,33
814,Class 2,Male,8.0,0,1,0,0,0,0,33
815,Class 2,Male,9.0,1,1,0,0,0,0,33
816,Class 6,Female,,1,2,0,0,0,0,33
817,Class 6,Male,14.0,1,3,1,1,0,0,33
818,Class 6,Female,14.0,1,2,1,1,0,0,33
819,Class 6,Male,12.0,2,4,2,1,1,0,33
820,Class 1,Female,6.0,0,0,0,0,0,0,34
821,Class 1,Female,6.0,0,0,0,0,0,0,34
822,Class 1,Male,6.0,0,0,0,0,0,0,34
823,Class 1,Male,9.0,1,1,0,0,0,0,34
824,Class 2,Male,7.0,1,1,0,0,0,0,34
825,Class 2,Female,9.0,1,1,1,0,0,0,34
826,Class 2,Female,6.0,0,0,0,0,0,0,34
827,Class 2,Male,7.0,1,0,0,0,0,0,34
828,Class 3,Male,8.0,1,1,0,0,0,0,34
829,Class 3,Male,11.0,1,2,1,0,0,0,34
830,Class 3,Male,11.0,1,1,0,0,0,0,34
831,Class 3,Male,9.0,0,0,0,0,0,0,34
832,Class 1,Male,6.0,0,0,0,0,0,0,35
833,Class 1,Female,8.0,1,1,0,0,0,0,35
834,Class 1,Female,7.0,0,1,0,0,0,0,35
835,Class 1,Female,6.0,0,0,0,0,0,0,35
836,Class 2,Male,7.0,1,1,0,0,0,0,35
837,Class 2,Male,7.0,0,1,0,0,0,0,35
838,Class 2,Female,7.0,1,0,0,0,0,0,35
839,Class 2,Female,8.0,1,1,0,0,0,0,35
840,Class 5,Female,12.0,2,2,1,1,0,0,35
841,Class 5,Female,10.0,2,3,1,1,1,0,35
842,Class 5,Male,12.0,2,3,2,1,0,0,35
843,Class 5,Male,12.0,2,4,2,1,1,0,35
844,Class 6,Male,13.0,3,3,1,1,1,0,36
845,Class 6,Male,13.0,3,4,2,1,2,2,36
846,Class 6,Female,13.0,2,3,1,1,1,0,36
847,Class 6,Female,15.0,1,3,1,1,0,0,36
848,Class 5,Male,7.0,2,3,1,1,0,0,36
849,Class 5,Male,13.0,2,3,2,1,2,2,36
850,Class 5,Female,12.0,2,2,2,1,0,0,36
851,Class 5,Female,14.0,2,2,1,0,0,0,36
852,Class 4,Male,12.0,1,4,1,1,1,0,36
853,Class 4,Male,10.0,1,0,0,0,0,0,36
854,Class 4,Male,10.0,1,0,0,0,0,0,36
855,Class 1,Male,6.0,0,0,0,0,0,0,36
856,Class 1,Male,5.0,0,0,0,0,0,0,36
857,Class 1,Male,5.0,0,0,0,0,0,0,36
858,Class 1,Male,5.0,0,0,0,0,0,0,36
859,Class 2,Male,8.0,1,1,0,0,0,0,36
860,Class 2,Male,8.0,0,0,0,0,0,0,36
861,Class 2,Female,7.0,0,0,0,0,0,0,36
862,Class 2,Female,6.0,0,0,0,0,0,0,36
863,Class 3,Male,15.0,1,3,1,1,0,0,36
864,Class 3,Female,11.0,1,1,0,0,0,0,36
865,Class 3,Male,8.0,0,1,1,0,0,0,36
866,Class 3,Female,7.0,1,1,0,0,0,0,36
867,Class 1,Male,7.0,0,0,0,0,0,0,37
868,Class 1,Male,7.0,0,0,0,0,0,0,37
869,Class 1,Male,7.0,1,1,1,0,0,0,37
870,Class 1,Male,7.0,1,1,0,0,0,0,37
871,Class 2,Male,10.0,2,1,1,0,0,0,37
872,Class 2,Male,11.0,1,1,1,1,0,0,37
873,Class 2,Male,7.0,2,0,1,0,0,0,37
874,Class 2,Male,9.0,2,1,1,0,0,0,37
875,Class 3,Female,9.0,2,2,1,1,0,0,37
876,Class 3,Male,10.0,2,1,1,1,0,0,37
877,Class 3,Female,9.0,2,2,1,1,1,1,37
878,Class 3,Male,8.0,2,2,1,1,0,0,37
879,Class 4,Male,8.0,3,2,2,1,2,0,37
880,Class 4,Male,9.0,2,2,2,1,1,1,37
881,Class 4,Female,9.0,2,2,2,1,1,0,37
882,Class 4,Male,14.0,3,4,2,1,1,0,37
883,Class 5,Male,11.0,4,4,3,1,1,1,37
884,Class 5,Male,11.0,4,4,2,1,2,1,37
885,Class 5,Male,12.0,2,4,2,1,1,1,37
886,Class 5,Female,12.0,1,1,1,1,1,0,37
887,Class 6,Female,11.0,3,4,2,3,2,1,37
888,Class 6,Female,11.0,4,4,2,1,2,2,37
889,Class 6,Male,12.0,4,4,3,3,2,2,37
890,Class 6,Male,12.0,4,4,3,1,3,2,37
891,Class 1,Male,5.0,1,1,1,0,0,0,38
892,Class 1,Female,5.0,1,1,0,0,0,0,38
893,Class 1,Female,6.0,2,1,1,0,0,0,38
894,Class 1,Male,6.0,1,0,0,0,0,0,38
895,Class 2,Female,7.0,1,1,1,0,1,0,38
896,Class 2,Male,8.0,1,1,1,1,0,0,38
897,Class 2,Female,8.0,1,1,1,0,0,0,38
898,Class 2,Male,7.0,1,1,1,0,0,0,38
899,Class 3,Female,9.0,2,2,2,1,0,0,38
900,Class 3,Male,9.0,1,1,1,1,1,1,38
901,Class 3,Male,9.0,1,1,1,1,1,1,38
902,Class 3,Male,8.0,2,2,2,1,1,1,38
903,Class 4,Female,12.0,2,2,2,1,1,1,38
904,Class 4,Male,11.0,2,2,2,1,1,1,38
905,Class 4,Female,10.0,2,2,2,1,0,0,38
906,Class 4,Male,11.0,2,3,2,0,1,0,38
907,Class 5,Female,12.0,2,3,3,1,1,1,38
908,Class 5,Male,13.0,2,3,3,1,2,0,38
909,Class 5,Female,10.0,2,3,2,0,1,0,38
910,Class 5,Male,13.0,2,3,2,1,1,0,38
911,Class 6,Male,13.0,2,3,3,1,2,2,38
912,Class 6,Female,12.0,2,3,2,1,2,0,38
913,Class 6,Female,12.0,2,3,2,1,2,1,38
914,Class 6,Male,13.0,2,3,2,1,0,0,38
915,Class 5,Female,11.0,0,1,1,0,0,0,39
916,Class 5,Female,11.0,2,2,2,0,0,0,39
917,Class 5,Male,11.0,2,4,2,3,2,2,39
918,Class 5,Male,11.0,3,3,2,1,2,2,39
919,Class 4,Female,12.0,0,2,2,1,2,0,39
920,Class 4,Male,12.0,1,2,2,1,0,0,39
921,Class 4,Male,12.0,2,2,0,0,0,0,39
922,Class 3,Female,8.0,0,1,1,0,0,0,39
923,Class 3,Female,8.0,2,2,1,1,0,0,39
924,Class 3,Male,10.0,2,2,1,1,1,2,39
925,Class 3,Male,8.0,2,2,2,1,1,1,39
926,Class 1,Female,5.0,1,1,1,0,0,0,39
927,Class 1,Female,6.0,1,1,1,0,0,0,39
928,Class 1,Male,6.0,1,1,1,0,0,0,39
929,Class 1,Male,7.0,1,1,0,0,0,0,39
930,Class 2,Female,8.0,2,2,1,1,0,0,39
931,Class 2,Female,8.0,2,2,1,1,0,0,39
932,Class 2,Male,10.0,2,2,1,1,0,0,39
933,Class 2,Male,10.0,2,1,1,1,0,0,39
934,Class 6,,14.0,4,4,3,3,3,2,39
935,Class 6,Female,13.0,3,4,3,3,3,2,39
936,Class 6,Male,12.0,3,4,3,3,3,2,39
937,Class 6,Female,13.0,3,4,3,3,3,2,39
938,Class 1,Female,12.0,2,1,0,0,0,0,31
939,Class 1,Male,11.0,2,1,0,0,0,0,31
940,Class 1,Female,9.0,1,0,1,1,1,0,31
941,Class 1,Male,10.0,1,1,0,0,0,0,31
942,Class 2,Male,7.0,0,0,0,0,0,0,31
943,Class 2,Female,8.0,1,1,1,0,0,0,31
944,Class 2,Female,7.0,1,1,1,0,0,0,31
945,Class 2,Male,8.0,0,1,0,0,0,0,31
946,Class 1,Male,7.0,0,0,0,0,0,0,31
947,Class 1,Male,8.0,1,1,0,0,0,0,31
948,Class 1,Female,8.0,1,1,0,0,0,0,31
949,Class 1,Female,6.0,0,0,0,0,0,0,31
950,Class 1,Female,6.0,1,1,0,0,0,0,32
951,Class 1,Female,6.0,1,1,1,1,1,0,32
952,Class 1,Male,7.0,1,1,1,1,0,0,32
953,Class 1,Male,7.0,1,1,1,1,0,0,32
954,Class 3,Female,9.0,1,1,1,1,1,0,32
955,Class 3,Female,7.0,2,2,2,1,2,1,32
956,Class 3,Male,7.0,2,2,2,1,1,0,32
957,Class 3,Male,7.0,2,2,1,1,1,0,32
958,Class 2,Female,8.0,1,1,1,1,0,0,32
959,Class 2,Male,7.0,1,1,1,1,0,0,32
960,Class 2,Female,7.0,1,1,1,1,0,0,32
961,Class 2,Male,7.0,1,1,1,1,0,0,32
962,Class 6,Female,14.0,2,3,0,1,0,0,40
963,Class 6,Female,14.0,1,1,1,1,0,0,40
964,Class 6,Male,13.0,4,4,3,3,2,1,40
965,Class 6,Male,13.0,4,4,3,3,3,2,40
966,Class 6,Male,15.0,2,4,3,3,1,2,40
967,Class 6,Male,14.0,2,4,3,3,1,2,40
968,Class 6,Female,11.0,0,2,0,0,0,0,40
969,Class 6,Female,10.0,3,4,3,3,3,2,40
970,Class 6,Female,12.0,1,2,1,1,1,0,40
971,Class 6,Female,12.0,1,1,0,0,0,0,40
972,Class 6,Male,12.0,2,4,3,3,2,1,40
973,Class 6,Male,12.0,3,4,3,3,3,2,40
974,Class 6,Female,11.0,2,1,1,1,1,0,40
975,Class 6,Female,12.0,1,1,1,0,0,0,40
976,Class 6,Male,12.0,2,4,3,3,1,1,40
977,Class 6,Male,12.0,2,4,3,3,1,1,40
978,Class 6,Female,11.0,0,0,0,0,0,0,40
979,Class 6,Female,13.0,1,1,1,1,1,1,40
980,Class 6,Male,12.0,1,2,1,1,1,1,40
981,Class 6,Male,9.0,1,1,1,1,1,1,40
982,Class 6,Female,9.0,0,0,0,0,0,0,40
983,Class 6,Female,6.0,1,1,1,0,0,0,40
984,Class 6,Male,10.0,1,1,1,1,0,0,40
985,Class 6,Male,9.0,0,0,0,0,0,0,40
986,Class 1,Male,5.0,1,1,1,0,0,0,41
987,Class 1,Male,6.0,0,1,0,0,0,0,41
988,Class 1,Female,5.0,1,1,0,0,0,0,41
989,Class 1,Female,5.0,1,1,0,0,0,0,41
990,Class 2,Male,6.0,0,1,0,0,0,0,41
991,Class 2,Male,6.0,1,1,1,0,0,0,41
992,Class 2,Female,6.0,1,1,1,0,0,0,41
993,Class 2,Female,7.0,1,1,1,0,0,0,41
994,Class 3,Male,9.0,2,1,2,0,0,0,41
995,Class 3,Male,9.0,1,1,1,1,1,1,41
996,Class 3,Female,10.0,2,2,2,1,1,1,41
997,Class 3,Female,10.0,2,2,2,1,0,0,41
998,Class 4,Male,11.0,2,2,2,1,1,0,41
999,Class 4,Male,9.0,2,2,1,0,0,0,41
1000,Class 4,Female,10.0,2,3,3,1,1,0,41
1001,Class 4,Female,12.0,2,2,2,0,0,0,41
1002,Class 5,Male,11.0,2,2,2,1,0,0,41
1003,Class 5,Male,12.0,2,2,2,1,0,0,41
1004,Class 5,Female,11.0,1,1,0,0,0,0,41
1005,Class 5,Female,12.0,1,1,1,0,0,0,41
1006,Class 6,Male,13.0,2,2,2,1,1,0,41
1007,Class 6,Male,12.0,2,2,2,1,0,0,41
1008,Class 6,Female,12.0,2,3,2,1,2,0,41
1009,Class 6,Female,13.0,2,3,3,1,2,1,41
1010,Class 1,Male,6.0,0,1,0,0,0,0,42
1011,Class 1,Male,7.0,0,0,0,0,0,0,42
1012,Class 1,Female,6.0,0,0,0,0,0,0,42
1013,Class 1,Female,6.0,0,0,0,0,0,0,42
1014,Class 1,Male,1.0,0,0,0,0,0,0,42
1015,Class 2,Female,7.0,0,0,0,0,0,0,42
1016,Class 2,Male,7.0,0,0,0,0,0,0,42
1017,Class 2,Female,8.0,0,0,0,0,0,0,42
1018,Class 2,Male,7.0,1,2,1,1,0,0,42
1019,Class 3,Female,8.0,0,0,1,0,0,0,42
1020,Class 3,Female,8.0,1,1,1,0,0,0,42
1021,Class 3,Male,8.0,2,2,1,1,0,0,42
1022,Class 3,Male,9.0,0,1,1,1,0,0,42
1023,Class 4,Male,9.0,1,2,0,0,0,0,42
1024,Class 4,Male,9.0,1,3,2,1,0,0,42
1025,Class 4,Female,11.0,2,4,1,1,0,0,42
1026,Class 4,Female,9.0,2,2,1,1,0,0,42
1027,Class 5,Female,11.0,2,2,2,1,0,0,42
1028,Class 5,Female,11.0,2,4,2,1,0,0,42
1029,Class 5,Male,12.0,2,3,1,1,0,0,42
1030,Class 5,Male,11.0,3,4,3,3,1,0,42
1031,Class 6,Female,13.0,2,4,2,1,0,0,42
1032,Class 6,Male,13.0,2,4,2,1,1,0,42
1033,Class 6,Male,15.0,4,4,3,3,1,1,42
1034,Class 6,Female,13.0,3,4,2,1,1,0,42
1035,Class 5,Male,15.0,3,4,1,1,1,0,43
1036,Class 5,Female,10.0,3,3,1,1,2,0,43
1037,Class 5,Male,11.0,1,4,1,1,0,0,43
1038,Class 5,Female,10.0,2,3,1,1,0,0,43
1039,Class 1,Female,8.0,1,1,0,0,0,0,43
1040,Class 1,Male,7.0,0,1,0,0,0,0,43
1041,Class 1,Female,7.0,0,1,0,0,0,0,43
1042,Class 1,Male,9.0,1,1,0,0,0,0,43
1043,Class 2,Female,7.0,1,1,0,0,0,0,43
1044,Class 2,Male,6.0,1,1,0,0,0,0,43
1045,Class 2,Male,8.0,1,3,1,1,0,0,43
1046,Class 2,Female,7.0,1,1,0,0,0,0,43
1047,Class 3,Female,10.0,2,2,1,1,0,0,43
1048,Class 3,Male,10.0,2,2,1,1,0,0,43
1049,Class 3,,9.0,2,3,2,1,0,0,43
1050,Class 3,Male,9.0,1,1,1,1,0,0,43
1051,Class 4,Female,9.0,2,2,1,1,0,0,43
1052,Class 4,Male,9.0,2,3,1,1,0,0,43
1053,Class 4,Female,8.0,2,3,1,1,0,0,43
1054,Class 4,Male,11.0,1,2,1,1,0,0,43
1055,Class 6,Male,12.0,3,4,3,3,2,1,43
1056,Class 6,Male,12.0,3,4,2,1,1,0,43
1057,Class 6,Female,12.0,3,2,2,1,0,0,43
1058,Class 6,Male,12.0,2,2,2,1,1,0,43
1059,Class 5,Female,13.0,2,4,2,1,2,1,44
1060,Class 5,Female,13.0,3,4,3,3,3,2,44
1061,Class 5,Male,12.0,3,4,3,3,3,2,44
1062,Class 5,Male,12.0,3,3,2,3,3,2,44
1063,Class 4,Female,11.0,2,2,2,1,1,1,44
1064,Class 4,Female,10.0,2,3,2,1,2,1,44
1065,Class 4,Male,13.0,4,4,3,3,3,0,44
1066,Class 4,Male,11.0,2,2,2,1,1,1,44
1067,Class 1,Female,5.0,1,1,1,0,0,0,44
1068,Class 1,Male,5.0,1,1,1,0,0,0,44
1069,Class 1,Male,6.0,1,1,1,0,0,0,44
1070,Class 1,Female,6.0,0,0,0,0,0,0,44
1071,Class 2,Male,10.0,0,1,0,0,0,0,44
1072,Class 2,Male,7.0,1,1,0,0,0,0,44
1073,Class 2,Female,9.0,1,1,1,1,0,0,44
1074,Class 2,Female,10.0,1,2,1,1,1,0,44
1075,Class 2,Male,12.0,2,2,1,1,1,1,44
1076,Class 2,Female,10.0,2,2,1,1,1,0,44
1077,Class 2,Female,10.0,2,2,1,1,1,0,44
1078,Class 2,Male,10.0,2,2,1,1,1,0,44
1079,Class 2,Male,10.0,2,2,1,1,1,0,44
1080,Class 1,Male,5.0,0,0,0,0,0,0,45
1081,Class 1,Female,6.0,0,0,0,0,0,0,45
1082,Class 1,Female,6.0,0,0,0,0,0,0,45
1083,Class 1,Male,5.0,0,0,0,0,0,0,45
1084,Class 1,Female,7.0,0,0,0,0,0,0,45
1085,Class 1,Female,8.0,1,0,0,0,0,0,45
1086,Class 1,Male,7.0,1,1,1,1,1,1,45
1087,Class 1,Male,7.0,1,0,0,0,0,0,45
1088,Class 1,Male,14.0,2,3,1,1,1,1,45
1089,Class 1,Female,10.0,2,2,1,1,1,1,45
1090,Class 1,Male,9.0,2,1,1,1,1,1,45
1091,Class 1,Female,11.0,2,1,1,1,1,1,45
1092,Class 4,Female,11.0,2,2,2,1,2,2,45
1093,Class 4,Male,15.0,2,2,2,1,2,2,45
1094,Class 4,Female,11.0,2,2,2,1,2,2,45
1095,Class 4,Male,12.0,2,2,2,1,2,2,45
1096,Class 5,Male,10.0,2,2,2,1,2,2,45
1097,Class 5,Female,13.0,2,1,1,1,1,1,45
1098,Class 5,Male,11.0,2,1,1,1,1,1,45
1099,Class 5,Female,12.0,2,3,2,1,2,2,45
1100,Class 5,Female,16.0,2,2,2,1,2,2,45
1101,Class 5,Male,14.0,3,4,3,3,3,3,45
1102,Class 5,Female,12.0,3,4,3,3,3,3,45
1103,Class 5,Male,13.0,3,3,2,1,2,2,45
1104,Class 1,Female,7.0,1,1,1,1,1,1,46
1105,Class 1,Male,5.0,0,0,0,0,0,0,46
1106,Class 1,Female,5.0,0,0,0,0,0,0,46
1107,Class 1,Male,8.0,0,2,1,1,0,1,46
1108,Class 2,Male,5.0,2,1,1,1,1,1,46
1109,Class 2,Female,7.0,1,1,1,1,1,0,46
1110,Class 2,Male,6.0,0,0,0,0,0,0,46
1111,Class 2,Female,7.0,1,1,0,0,0,0,46
1112,Class 3,Male,9.0,2,1,1,1,1,1,46
1113,Class 3,Female,12.0,2,1,1,1,1,1,46
1114,Class 3,Male,8.0,2,0,0,0,0,0,46
1115,Class 3,Female,9.0,1,0,0,0,0,0,46
1116,Class 4,Male,9.0,2,0,0,0,0,0,46
1117,Class 4,Female,10.0,1,1,1,1,1,1,46
1118,Class 4,Male,9.0,1,1,0,0,0,0,46
1119,Class 4,Female,13.0,1,1,1,1,1,1,46
1120,Class 5,Male,11.0,1,1,1,1,1,1,46
1121,Class 5,Female,10.0,1,1,1,1,1,1,46
1122,Class 5,Female,11.0,2,1,1,1,1,1,46
1123,Class 5,Male,13.0,1,1,1,1,1,1,46
1124,Class 6,Female,12.0,4,3,2,1,1,1,46
1125,Class 6,Male,18.0,2,4,1,1,1,1,46
1126,Class 6,Female,12.0,3,4,1,1,1,1,46
1127,Class 6,Male,14.0,2,2,2,1,1,1,46
1128,Class 1,Female,6.0,0,0,0,0,0,0,47
1129,Class 1,Male,6.0,0,0,0,0,0,0,47
1130,Class 1,Female,6.0,0,0,0,0,0,0,47
1131,Class 1,Male,6.0,0,0,0,0,0,0,47
1132,Class 2,Female,7.0,0,0,1,1,1,0,47
1133,Class 2,Male,6.0,0,0,0,1,1,0,47
1134,Class 2,Female,6.0,1,2,1,1,1,1,47
1135,Class 2,Male,7.0,0,2,1,1,1,1,47
1136,Class 3,Male,12.0,1,2,1,1,1,1,47
1137,Class 3,Female,10.0,1,2,1,1,1,1,47
1138,Class 3,Male,9.0,1,1,1,1,1,1,47
1139,Class 3,Female,11.0,1,1,1,1,1,1,47
1140,Class 4,Female,14.0,1,2,1,1,1,1,47
1141,Class 4,Male,,1,2,2,1,2,2,47
1142,Class 4,Female,10.0,1,2,1,1,1,1,47
1143,Class 4,Male,10.0,1,1,1,1,1,1,47
1144,Class 5,Female,12.0,2,2,2,1,2,2,47
1145,Class 5,Male,12.0,2,2,2,1,2,2,47
1146,Class 5,Female,12.0,2,2,2,1,2,2,47
1147,Class 5,Male,11.0,2,2,2,1,2,2,47
1148,Class 6,Female,12.0,2,2,2,1,2,2,47
1149,Class 6,Female,13.0,2,2,2,1,2,2,47
1150,Class 6,Male,12.0,2,2,2,1,2,2,47
1151,Class 1,Female,6.0,1,1,1,1,1,1,48
1152,Class 1,Female,6.0,1,1,1,1,1,1,48
1153,Class 1,Male,6.0,1,1,1,1,1,1,48
1154,Class 1,Male,7.0,1,1,1,1,1,1,48
1155,Class 2,Female,7.0,2,2,2,1,1,1,48
1156,Class 2,Female,8.0,2,2,2,1,1,1,48
1157,Class 2,Male,8.0,2,2,2,1,1,1,48
1158,Class 2,Male,8.0,2,2,1,1,1,1,48
1159,Class 3,Female,9.0,2,2,2,1,2,1,48
1160,Class 3,Female,9.0,2,2,2,1,2,1,48
1161,Class 3,Male,10.0,2,2,2,1,1,1,48
1162,Class 3,Male,10.0,2,2,1,1,1,1,48
1163,Class 4,Female,11.0,2,2,2,1,2,1,48
1164,Class 4,Female,12.0,2,2,2,1,2,1,48
1165,Class 4,Male,12.0,3,3,2,1,2,2,48
1166,Class 4,Male,12.0,3,3,3,1,2,1,48
1167,Class 5,Female,13.0,3,3,3,1,2,2,48
1168,Class 5,Female,14.0,3,3,2,1,2,2,48
1169,Class 5,Male,14.0,3,3,2,1,2,1,48
1170,Class 5,Male,14.0,2,2,2,1,2,1,48
1171,Class 6,Female,15.0,3,3,3,1,2,1,48
1172,Class 6,Female,15.0,2,2,2,1,1,1,48
1173,Class 6,Male,14.0,3,2,2,1,2,1,48
1174,Class 6,Male,16.0,2,2,2,1,1,1,48
1175,Class 1,Male,6.0,1,1,1,1,1,1,49
1176,Class 1,Female,6.0,1,1,1,1,1,0,49
1177,Class 1,Male,6.0,0,0,0,0,0,0,49
1178,Class 1,Female,7.0,0,0,0,0,0,0,49
1179,Class 2,Female,7.0,2,1,1,1,1,0,49
1180,Class 2,Male,7.0,2,1,1,1,1,0,49
1181,Class 2,Female,7.0,1,1,1,1,1,0,49
1182,Class 2,Male,9.0,2,1,1,1,1,0,49
1183,Class 3,Female,8.0,2,3,2,1,1,1,49
1184,Class 3,Male,8.0,1,2,1,1,1,1,49
1185,Class 3,Female,8.0,1,1,1,1,1,0,49
1186,Class 3,Male,10.0,1,1,1,1,1,0,49
1187,Class 4,Female,10.0,1,1,1,0,0,0,49
1188,Class 4,Male,8.0,3,3,2,1,2,1,49
1189,Class 4,Female,9.0,1,1,1,1,1,0,49
1190,Class 4,Male,12.0,1,0,0,0,0,0,49
1191,Class 5,Female,12.0,1,1,1,1,1,1,49
1192,Class 5,Male,10.0,3,3,2,1,2,1,49
1193,Class 5,Male,10.0,3,2,2,1,1,1,49
1194,Class 5,Male,10.0,4,4,3,1,2,2,49
1195,Class 6,Female,14.0,4,4,3,3,2,2,49
1196,Class 6,Male,11.0,4,4,3,1,2,2,49
1197,Class 6,Female,14.0,3,3,2,1,2,1,49
1198,Class 6,Male,9.0,3,3,2,1,2,1,49
1199,Class 1,Female,6.0,1,1,1,1,0,0,50
1200,Class 1,Female,6.0,1,1,0,0,0,0,50
1201,Class 1,Male,7.0,1,1,0,0,0,0,50
1202,Class 1,Male,7.0,1,1,0,0,0,0,50
1203,Class 2,Male,7.0,1,1,1,1,1,0,50
1204,Class 2,Male,8.0,1,1,1,1,0,0,50
1205,Class 2,Female,8.0,1,1,1,1,1,0,50
1206,Class 2,Female,8.0,2,1,1,1,1,1,50
1207,Class 3,Female,10.0,2,2,1,1,1,0,50
1208,Class 3,Female,9.0,1,1,1,1,0,0,50
1209,Class 3,Male,10.0,2,2,1,1,1,0,50
1210,Class 3,Male,10.0,1,1,1,1,0,0,50
1211,Class 4,Male,9.0,1,1,1,0,0,0,50
1212,Class 4,Male,10.0,2,1,1,1,1,1,50
1213,Class 4,Female,11.0,2,1,1,1,1,1,50
1214,Class 4,Female,11.0,2,2,1,1,1,0,50
1215,Class 5,Male,12.0,2,3,2,1,2,1,50
1216,Class 5,Male,13.0,2,2,2,1,2,1,50
1217,Class 5,Female,13.0,2,3,2,1,2,1,50
1218,Class 5,Female,14.0,2,2,2,1,1,1,50
1219,Class 5,Male,15.0,3,3,2,1,2,1,50
1220,Class 5,Male,14.0,2,2,2,1,2,1,50
1221,Class 5,Female,15.0,2,2,2,1,2,1,50
1222,Class 5,Female,15.0,2,2,2,1,2,1,50
1223,Class 1,Female,5.0,0,0,0,0,0,0,51
1224,Class 1,Male,6.0,1,1,0,0,0,0,51
1225,Class 1,Female,6.0,1,1,0,0,0,0,51
1226,Class 1,Male,5.0,0,0,0,0,0,0,51
1227,Class 2,Male,6.0,1,1,1,0,0,0,51
1228,Class 2,Male,7.0,1,1,1,1,1,0,51
1229,Class 2,Female,7.0,2,1,1,0,0,0,51
1230,Class 2,Male,8.0,1,2,1,1,0,0,51
1231,Class 3,Male,9.0,1,2,1,1,0,0,51
1232,Class 3,Female,9.0,2,2,2,0,0,0,51
1233,Class 3,Male,10.0,2,1,2,1,0,0,51
1234,Class 3,Female,10.0,2,2,1,1,0,0,51
1235,Class 4,Female,10.0,2,2,2,1,1,0,51
1236,Class 4,Female,11.0,2,2,2,1,1,1,51
1237,Class 4,Male,10.0,2,2,2,0,1,1,51
1238,Class 4,Male,11.0,2,2,3,1,1,1,51
1239,Class 5,Male,12.0,1,1,1,1,1,0,51
1240,Class 5,Male,10.0,2,2,1,0,0,0,51
1241,Class 5,Female,12.0,2,2,2,0,0,0,51
1242,Class 5,Female,13.0,2,2,2,1,0,0,51
1243,Class 6,Male,12.0,2,3,2,1,1,1,51
1244,Class 6,Male,13.0,2,3,2,1,2,0,51
1245,Class 6,Female,13.0,2,3,3,1,1,1,51
1246,Class 6,Female,12.0,2,3,3,1,1,1,51
1247,Class 1,Male,6.0,0,0,0,0,0,0,52
1248,Class 1,Male,6.0,0,0,0,0,0,0,52
1249,Class 1,Female,6.0,1,1,0,0,0,0,52
1250,Class 1,Female,6.0,1,0,0,0,0,0,52
1251,Class 2,Male,9.0,1,0,0,0,0,0,52
1252,Class 2,Female,8.0,1,1,0,0,0,0,52
1253,Class 2,Female,7.0,1,1,0,0,0,0,52
1254,Class 2,Male,7.0,1,1,0,0,0,0,52
1255,Class 3,Female,10.0,1,1,0,0,0,0,52
1256,Class 3,Female,9.0,2,2,2,1,1,0,52
1257,Class 3,Male,8.0,2,3,2,1,1,0,52
1258,Class 3,Male,8.0,2,3,1,1,1,1,52
1259,Class 4,Female,10.0,1,2,2,1,1,1,52
1260,Class 4,Female,10.0,2,3,2,1,2,1,52
1261,Class 4,Male,12.0,2,3,2,1,2,1,52
1262,Class 4,Male,9.0,2,3,3,3,2,1,52
1263,Class 5,Female,10.0,2,2,2,1,2,1,52
1264,Class 5,Female,13.0,2,4,2,1,2,1,52
1265,Class 5,Male,11.0,4,4,3,3,3,1,52
1266,Class 5,Male,12.0,1,3,2,1,2,1,52
1267,Class 6,Female,11.0,4,4,3,3,3,2,52
1268,Class 6,Male,10.0,1,3,2,1,1,0,52
1269,Class 6,Male,12.0,3,4,3,3,2,1,52
1270,Class 6,Female,14.0,2,3,3,3,2,1,52
1271,Class 1,Male,5.0,1,0,0,0,0,0,53
1272,Class 1,Male,6.0,1,1,0,0,0,0,53
1273,Class 1,Female,6.0,1,1,0,0,0,0,53
1274,Class 1,Female,6.0,1,1,0,0,0,0,53
1275,Class 2,Male,7.0,1,1,1,1,1,0,53
1276,Class 2,Male,7.0,1,1,1,1,1,0,53
1277,Class 2,Female,8.0,2,1,1,1,0,0,53
1278,Class 2,Female,7.0,1,2,1,1,1,0,53
1279,Class 3,Male,9.0,2,2,2,1,1,1,53
1280,Class 3,Male,10.0,2,3,2,1,2,0,53
1281,Class 3,Female,10.0,2,2,1,1,1,0,53
1282,Class 3,Female,11.0,2,3,2,1,2,1,53
1283,Class 4,Male,12.0,3,3,2,1,2,2,53
1284,Class 4,Male,13.0,3,4,3,3,2,1,53
1285,Class 4,Female,12.0,2,3,3,1,2,1,53
1286,Class 4,Female,12.0,3,3,3,3,2,1,53
1287,Class 5,Male,13.0,3,4,3,3,2,2,53
1288,Class 5,Male,13.0,4,4,3,3,3,2,53
1289,Class 5,Female,12.0,3,4,3,3,2,1,53
1290,Class 5,Female,13.0,3,4,3,3,3,1,53
1291,Class 6,Male,15.0,4,4,3,3,3,2,53
1292,Class 6,Male,15.0,4,4,3,3,3,2,53
1293,Class 6,Female,14.0,3,4,3,1,3,2,53
1294,Class 6,Female,15.0,3,4,3,3,2,2,53
1295,Class 6 ,Female,15.0,2,4,3,3,2,3,54
1296,Class 6 ,Female,14.0,3,4,2,1,2,2,54
1297,Class 6 ,Male,10.0,2,4,2,1,2,3,54
1298,Class 6 ,Male,13.0,2,4,2,1,2,2,54
1299,Class 5 ,Male,12.0,2,4,2,1,2,2,54
1300,Class 5 ,Male,13.0,2,2,2,1,2,2,54
1301,Class 5 ,Female,10.0,2,4,2,1,2,2,54
1302,Class 5 ,Female,13.0,2,3,2,1,2,2,54
1303,Class 4,Female,10.0,1,3,2,1,2,2,54
1304,Class 4,Female,13.0,1,2,2,1,2,2,54
1305,Class 4,Female,10.0,2,2,2,1,2,2,54
1306,Class 4,Male,14.0,2,3,2,1,2,2,54
1307,Class 3,Male,7.0,1,1,2,1,2,2,54
1308,Class 3,Female,10.0,1,2,2,1,2,2,54
1309,Class 3,Male,11.0,1,1,1,1,2,2,54
1310,Class 3,Female,9.0,1,2,1,1,1,1,54
1311,Class 2,Male,7.0,1,1,1,1,1,1,54
1312,Class 2,Female,8.0,0,1,1,1,1,1,54
1313,Class 2,Male,8.0,0,1,1,1,1,1,54
1314,Class 2,Female,7.0,0,1,1,1,1,1,54
1315,Class 1,Male,8.0,0,1,1,1,1,1,54
1316,Class 1,Female,7.0,0,1,1,1,1,1,54
1317,Class 1,Male,7.0,0,1,1,1,1,1,54
1318,Class 1,Female,8.0,0,1,1,1,1,1,54
1319,Class 3,Male,10.0,0,1,1,1,1,1,55
1320,Class 3,Female,8.0,2,3,2,1,2,2,55
1321,Class 3,Male,8.0,3,4,3,1,2,2,55
1322,Class 3,Female,7.0,3,3,2,1,1,2,55
1323,Class 6 ,Male,10.0,4,4,3,3,3,3,55
1324,Class 6 ,Male,11.0,4,4,3,3,3,3,55
1325,Class 6 ,Female,10.0,4,4,3,1,2,2,55
1326,Class 6 ,Female,10.0,4,4,2,1,2,2,55
1327,Class 5 ,Female,12.0,3,4,2,3,3,2,55
1328,Class 5 ,Female,9.0,3,2,2,1,2,2,55
1329,Class 5 ,Male,10.0,3,2,2,1,2,2,55
1330,Class 5 ,Male,12.0,3,3,2,1,2,2,55
1331,Class 4,Female,10.0,2,3,1,1,1,1,56
1332,Class 4,Male,10.0,2,2,1,1,1,1,56
1333,Class 4,Female,11.0,0,2,1,1,1,1,56
1334,Class 4,Male,10.0,0,1,2,1,1,1,56
1335,Class 4,Male,10.0,3,4,2,1,1,2,56
1336,Class 4,Female,9.0,3,4,2,1,1,1,56
1337,Class 4,Male,9.0,3,4,3,1,1,1,56
1338,Class 4,Female,15.0,3,4,2,1,1,1,56
1339,Class 6 ,Female,14.0,4,4,3,1,1,2,56
1340,Class 6 ,Male,12.0,2,2,1,1,1,1,56
1341,Class 6 ,Male,10.0,2,2,1,1,1,1,56
1342,Class 6 ,Female,11.0,2,2,1,1,1,1,56
1343,Class 1,Female,6.0,1,1,1,1,1,1,56
1344,Class 1,Female,5.0,1,1,1,1,1,1,56
1345,Class 1,Male,6.0,1,1,1,1,1,1,56
1346,Class 1,Male,5.0,1,1,1,1,1,1,56
1347,Class 2,Female,8.0,2,3,3,1,2,2,56
1348,Class 2,Female,8.0,2,3,2,1,2,1,56
1349,Class 2,Male,9.0,2,3,1,1,1,1,56
1350,Class 2,Male,7.0,1,2,2,1,1,1,56
1351,Class 3,Male,12.0,2,3,2,1,2,2,56
1352,Class 3,Male,10.0,2,1,2,1,2,1,56
1353,Class 3,Female,9.0,2,2,1,1,1,1,56
1354,Class 3,Female,8.0,1,1,1,1,1,1,56
1355,Class 1,Male,7.0,1,1,1,1,1,1,55
1356,Class 1,Female,7.0,1,1,1,1,1,1,55
1357,Class 1,Female,8.0,0,1,1,1,1,1,55
1358,Class 1,Male,6.0,1,2,1,1,1,1,55
1359,Class 2,Female,8.0,1,2,1,1,1,1,55
1360,Class 2,Male,8.0,1,1,2,1,1,1,55
1361,Class 2,Male,8.0,1,2,1,1,1,1,55
1362,Class 2,Female,6.0,2,1,1,1,1,1,55
1363,Class 2,Female,6.0,0,1,1,1,1,2,55
1364,Class 4,Male,11.0,4,4,3,3,2,2,55
1365,Class 4,Male,8.0,2,4,2,1,3,2,55
1366,Class 4,Female,10.0,3,3,1,1,1,1,55
1367,Class 4,Female,10.0,3,3,1,1,1,1,55
1368,Class 6 ,Male,12.0,3,3,3,3,3,2,57
1369,Class 6 ,Female,13.0,3,3,3,3,3,2,57
1370,Class 6 ,Male,13.0,3,3,3,3,3,3,57
1371,Class 6 ,Female,12.0,2,3,3,3,3,3,57
1372,Class 4,Male,11.0,2,1,2,1,1,1,57
1373,Class 4,Female,12.0,2,2,2,1,1,1,57
1374,Class 4,Female,11.0,0,2,2,1,1,2,57
1375,Class 4,Male,12.0,3,3,2,1,2,1,57
1376,Class 1,Male,7.0,1,1,1,1,1,1,57
1377,Class 1,Male,6.0,1,1,1,1,1,1,57
1378,Class 1,Female,7.0,1,1,1,1,1,1,57
1379,Class 1,Female,7.0,1,1,1,1,1,1,57
1380,Class 1,Female,7.0,0,1,1,1,1,1,58
1381,Class 1,Female,6.0,0,1,1,1,1,1,58
1382,Class 1,Male,6.0,0,1,1,1,1,1,58
1383,Class 1,Male,7.0,0,1,1,1,1,1,58
1384,Class 1,Male,5.0,0,1,1,1,1,1,58
1385,Class 2,Female,7.0,0,1,1,1,1,1,58
1386,Class 2,Male,8.0,1,2,2,1,2,1,58
1387,Class 2,Male,8.0,1,2,2,1,3,2,58
1388,Class 2,Female,7.0,1,2,2,1,2,2,58
1389,Class 2,Male,0.0,0,1,1,1,1,2,58
1390,Class 3,Male,8.0,2,3,2,3,3,2,58
1391,Class 3,Male,9.0,2,3,3,1,2,2,58
1392,Class 3,Female,8.0,1,2,2,1,2,2,58
1393,Class 3,Female,8.0,2,2,2,1,2,2,58
1394,Class 4,Male,9.0,2,3,2,1,2,2,58
1395,Class 4,Female,9.0,2,3,3,1,2,2,58
1396,Class 4,Male,10.0,2,3,3,1,2,2,58
1397,Class 4,Female,9.0,2,3,3,1,2,2,58
1398,Class 5 ,Female,12.0,2,3,3,3,3,3,58
1399,Class 5 ,Male,11.0,3,4,3,1,3,2,58
1400,Class 5 ,Female,11.0,2,2,2,3,2,2,58
1401,Class 5 ,Male,10.0,2,3,2,1,2,2,58
1402,Class 6 ,Female,12.0,3,4,3,3,3,3,58
1403,Class 6 ,Female,11.0,3,4,3,3,3,3,58
1404,Class 6 ,Male,12.0,3,4,3,3,3,3,58
1405,Class 6 ,Male,14.0,3,4,3,3,3,3,58
1406,Class 1,Male,6.0,0,1,1,1,1,1,59
1407,Class 1,Female,7.0,0,1,1,1,1,1,59
1408,Class 1,Female,6.0,0,1,1,1,1,1,59
1409,Class 1,Male,6.0,0,1,1,1,1,1,59
1410,Class 2,Male,7.0,0,2,2,1,2,1,59
1411,Class 2,Male,8.0,1,2,2,1,1,1,59
1412,Class 2,Female,8.0,1,2,1,1,2,1,59
1413,Class 2,Female,8.0,1,2,2,1,2,2,59
1414,Class 3,Male,10.0,2,3,3,1,2,2,59
1415,Class 3,Female,9.0,2,2,2,1,2,2,59
1416,Class 3,Male,9.0,2,3,3,3,2,2,59
1417,Class 3,Female,10.0,2,3,2,1,2,2,59
1418,Class 4,Female,11.0,3,4,3,3,3,3,59
1419,Class 4,Female,10.0,2,3,2,1,2,2,59
1420,Class 4,Male,11.0,3,3,3,1,2,3,59
1421,Class 4,Male,10.0,3,3,3,1,2,3,59
1422,Class 5 ,Male,12.0,4,4,3,3,3,3,59
1423,Class 5 ,Male,11.0,4,4,3,3,3,3,59
1424,Class 5 ,Female,12.0,3,4,3,3,3,3,59
1425,Class 5 ,Female,12.0,4,4,3,3,3,3,59
1426,Class 6 ,Female,12.0,3,4,3,3,3,3,59
1427,Class 6 ,Male,13.0,4,4,3,3,3,3,59
1428,Class 6 ,Male,12.0,3,4,3,3,3,3,59
1429,Class 6 ,Female,12.0,4,4,3,3,3,3,59
1430,Class 1,Female,6.0,0,1,1,1,1,1,60
1431,Class 1,Female,6.0,0,1,1,1,1,1,60
1432,Class 1,Male,7.0,0,1,1,1,1,1,60
1433,Class 1,Male,6.0,0,1,1,1,1,1,60
1434,Class 2,Female,10.0,1,2,1,1,1,1,60
1435,Class 2,Male,7.0,2,3,1,1,1,1,60
1436,Class 2,Female,10.0,2,2,1,1,1,1,60
1437,Class 2,Male,9.0,1,2,1,1,1,1,60
1438,Class 4,Female,12.0,2,4,3,1,2,1,60
1439,Class 4,Female,10.0,1,2,2,1,1,1,60
1440,Class 4,Male,9.0,1,4,2,1,2,1,60
1441,Class 4,Male,12.0,1,2,2,1,1,1,60
1442,Class 5 ,Female,9.0,3,4,3,3,2,2,60
1443,Class 5 ,Female,12.0,3,4,2,1,1,1,60
1444,Class 5 ,Male,12.0,3,4,3,3,3,1,60
1445,Class 5 ,Male,13.0,3,4,3,3,2,1,60
1446,Class 3,Male,10.0,2,3,2,1,2,1,60
1447,Class 3,Female,11.0,2,3,2,1,1,1,60
1448,Class 3,Female,8.0,2,3,2,1,2,1,60
1449,Class 3,Female,8.0,3,3,2,1,1,1,60
1450,Class 6 ,Male,10.0,2,2,2,1,2,1,60
1451,Class 6 ,Female,13.0,2,4,3,1,2,1,60
1452,Class 6 ,Male,12.0,4,4,2,3,2,2,60
1453,Class 6 ,Female,12.0,2,3,2,1,2,1,60
1454,Class 1,Male,8.0,2,2,2,1,1,1,61
1455,Class 1,Female,6.0,1,1,1,1,1,1,61
1456,Class 1,Male,9.0,1,2,1,1,1,1,61
1457,Class 1,Female,9.0,1,2,1,1,1,1,61
1458,Class 2,Female,8.0,1,1,1,1,1,1,61
1459,Class 2,Male,9.0,1,1,1,1,1,1,61
1460,Class 2,Female,7.0,1,1,1,1,1,1,61
1461,Class 2,Male,8.0,1,1,1,1,1,1,61
1462,Class 3,Male,12.0,2,2,2,1,1,1,61
1463,Class 3,Female,8.0,2,1,1,1,1,1,61
1464,Class 3,Female,12.0,1,1,1,1,1,1,61
1465,Class 3,Male,9.0,2,2,2,1,1,1,61
1466,Class 4,Female,15.0,1,2,2,1,1,1,61
1467,Class 4,Male,9.0,2,3,2,1,1,1,61
1468,Class 4,Female,11.0,2,2,2,1,1,1,61
1469,Class 4,Male,12.0,2,2,2,1,1,1,61
1470,Class 5 ,Male,13.0,1,2,2,1,2,1,61
1471,Class 5 ,Female,10.0,1,2,2,1,2,2,61
1472,Class 5 ,Male,13.0,2,3,3,3,2,2,61
1473,Class 5 ,Female,10.0,2,2,2,1,2,2,61
1474,Class 6 ,Female,10.0,4,4,3,3,3,2,61
1475,Class 6 ,Male,15.0,4,4,3,3,2,2,61
1476,Class 6 ,Male,14.0,3,4,3,3,2,2,61
1477,Class 6 ,Female,14.0,3,4,3,3,2,2,61
1478,Class 5 ,Male,10.0,2,2,1,1,1,1,57
1479,Class 5 ,Male,10.0,3,3,3,3,1,1,57
1480,Class 5 ,Female,16.0,1,2,1,1,1,1,57
1481,Class 5 ,Female,11.0,1,4,1,1,1,1,57
1482,Class 5 ,Male,9.0,1,2,1,1,1,1,57
1483,Class 5 ,Male,8.0,2,3,1,1,1,1,57
1484,Class 5 ,Female,9.0,0,1,1,1,1,1,57
1485,Class 5 ,Female,8.0,2,3,2,1,1,1,57
1486,Class 5 ,Female,8.0,1,1,1,1,1,1,57
1487,Class 5 ,Male,9.0,1,1,1,1,1,1,57
1488,Class 5 ,Female,7.0,1,1,1,1,1,1,57
1489,Class 5 ,Male,10.0,0,1,1,1,1,1,57
1490,Class 1,Female,6.0,1,1,1,1,1,1,62
1491,Class 1,Male,7.0,1,1,1,1,1,1,62
1492,Class 1,Female,6.0,1,1,1,1,1,1,62
1493,Class 1,Male,6.0,0,1,1,1,1,1,62
1494,Class 1,Female,7.0,1,1,1,1,1,1,62
1495,Class 2,Female,7.0,1,1,1,1,1,1,62
1496,Class 2,Male,6.0,1,1,1,1,1,1,62
1497,Class 2,Female,7.0,1,1,1,1,1,1,62
1498,Class 2,Male,8.0,1,1,1,1,1,1,62
1499,Class 3,Male,9.0,3,2,2,1,2,2,62
1500,Class 3,Female,8.0,2,2,2,1,2,2,62
1501,Class 3,Female,8.0,3,3,3,3,3,3,62
1502,Class 3,Male,10.0,2,3,3,3,3,3,62
1503,Class 4,Male,8.0,3,3,3,3,2,2,62
1504,Class 4,Female,10.0,3,3,3,3,3,3,62
1505,Class 4,Male,9.0,3,3,3,3,3,2,62
1506,Class 4,Female,9.0,3,4,3,1,2,2,62
1507,Class 5 ,Male,10.0,4,4,3,3,3,3,62
1508,Class 5 ,Female,5.0,3,4,3,3,2,2,62
1509,Class 5 ,Male,9.0,3,4,2,1,2,1,62
1510,Class 5 ,Female,9.0,3,4,2,1,2,2,62
1511,Class 1,Male,6.0,1,1,1,1,1,1,63
1512,Class 1,Female,7.0,1,1,1,1,1,1,63
1513,Class 1,Female,6.0,0,1,1,1,1,1,63
1514,Class 1,Male,5.0,0,1,1,1,1,1,63
1515,Class 1,Male,5.0,0,1,1,1,2,1,63
1516,Class 2,Male,6.0,0,1,1,1,1,1,63
1517,Class 2,Female,6.0,0,1,1,1,1,1,63
1518,Class 2,Female,8.0,1,1,1,1,1,1,63
1519,Class 2,Female,6.0,0,1,1,1,1,1,63
1520,Class 3,Male,8.0,0,1,1,1,1,1,63
1521,Class 3,Female,9.0,0,1,1,1,1,1,63
1522,Class 3,Male,10.0,0,1,1,1,1,1,63
1523,Class 3,Male,12.0,0,1,1,1,1,1,63
1524,Class 4,Male,11.0,1,1,1,1,1,1,63
1525,Class 4,Female,11.0,2,1,1,1,1,1,63
1526,Class 4,Male,10.0,1,1,1,1,1,1,63
1527,Class 4,Male,12.0,1,1,1,1,1,1,63
1528,Class 5 ,Male,12.0,2,1,1,1,2,1,63
1529,Class 5 ,Female,10.0,2,2,2,1,2,2,63
1530,Class 5 ,Female,10.0,2,2,2,1,2,2,63
1531,Class 5 ,Female,10.0,2,2,2,1,2,2,63
1532,Class 6 ,Female,10.0,2,2,2,1,2,2,62
1533,Class 6 ,Female,12.0,2,3,2,1,2,2,62
1534,Class 6 ,Male,11.0,2,3,2,1,2,2,62
1535,Class 6 ,Male,12.0,2,3,2,1,2,2,62
1536,Class 6 ,Female,12.0,3,4,3,3,3,3,64
1537,Class 6 ,Male,13.0,3,4,3,3,3,2,64
1538,Class 6 ,Male,13.0,3,4,3,3,3,2,64
1539,Class 6 ,Female,10.0,2,4,3,3,3,2,64
1540,Class 1,Male,7.0,0,1,1,1,1,1,64
1541,Class 1,Female,6.0,0,1,1,1,1,1,64
1542,Class 1,Female,6.0,0,1,1,1,1,1,64
1543,Class 1,Female,6.0,1,1,1,1,1,1,64
1544,Class 2,Male,7.0,2,1,1,1,1,1,64
1545,Class 2,Female,8.0,0,1,1,1,1,1,64
1546,Class 2,Male,7.0,0,2,1,1,1,1,64
1547,Class 2,Female,8.0,0,1,1,1,1,1,64
1548,Class 3,Male,8.0,1,3,1,1,1,1,64
1549,Class 3,Female,9.0,2,3,1,1,1,1,64
1550,Class 3,Female,10.0,2,2,2,1,2,1,64
1551,Class 3,Male,8.0,2,1,1,1,2,1,64
1552,Class 4,Male,9.0,1,3,2,1,2,1,64
1553,Class 4,Female,12.0,2,2,2,1,2,1,64
1554,Class 4,Female,11.0,1,2,1,1,2,1,64
1555,Class 4,Female,8.0,1,1,1,1,2,2,64
1556,Class 5 ,Male,11.0,3,2,2,1,2,1,64
1557,Class 5 ,Male,13.0,3,4,3,1,2,1,64
1558,Class 5 ,Male,12.0,3,4,2,1,2,1,64
1559,Class 5 ,Female,12.0,3,4,2,1,2,1,64
